RondeNr,Postcode,Deelgemeente,Straat,Nummerbereik
Res-001,9300,AALST,CAUDRONSTRAAT,
Res-001,9300,AALST,DE SCHRIJVERSTRAAT,
Res-001,9300,AALST,DE VISSCHERESTRAAT,
Res-001,9300,AALST,DENDERMONDSE STEENWEG,9 - 77 / 36 - 196
Res-001,9300,AALST,DENDERSTRAAT,
Res-001,9300,AALST,GHEERAERDTSSTRAAT,
Res-001,9300,AALST,INGANG VAN BEMTEN,
Res-001,9300,AALST,PETER BENOITSTRAAT,
Res-001,9300,AALST,PIETER COECKESTRAAT,
Res-001,9300,AALST,TRAGEL,1 - 1 / 1B - 6B
Res-001,9300,AALST,VALERIUS DE SAEDELEERSTRAAT,1 - 93 / 2 - 78 / 58A - 70
Res-001,9300,AALST,VAN GEEMSTRAATJE,
Res-001,9300,AALST,VARENLAAN,
Res-001,9300,AALST,VILAINSTRAAT,1 - 47A / 4 - 70
Res-001,9300,AALST,WELLEKENSSTRAAT,
Res-051,9300,AALST,AFSPANNINGSSTRAAT,1 - 7 / 2 - 12
Res-051,9300,AALST,ARBEIDSTRAAT,61 - 71 / 106 - 122
Res-051,9300,AALST,CAPUCIENENLAAN,
Res-051,9300,AALST,FRANS ROUCELSTRAAT,
Res-051,9300,AALST,GENTSE STEENWEG,33 - 35 / 8A - 16
Res-051,9300,AALST,KAREL VAN DE WOESTIJNESTRAAT,
Res-051,9300,AALST,MARKTWEG,1 - 33 / 6 - 30
Res-051,9300,AALST,POSTHOORNSTRAAT,
Res-051,9300,AALST,REGELSBRUGGESTRAAT,120 - 126
Res-051,9300,AALST,SINT JOBSTRAAT,155A - 233 / 196 - 290E / 153 - 262
Res-051,9300,AALST,SLUISKEN,
Res-002,9300,AALST,ALBERT LIÉNARTSTRAAT,
Res-002,9300,AALST,BAUWENSPLEIN,
Res-002,9300,AALST,CUMONTSTRAAT,
Res-002,9300,AALST,DENDERMONDSE STEENWEG,1 - 7 / 2 - 28
Res-002,9300,AALST,DIRK MARTENSSTRAAT,2 - 54 / 1A - 57
Res-002,9300,AALST,DOKTER ANDRÉ SIERENSSTRAAT,
Res-002,9300,AALST,ESPLANADEPLEIN,
Res-002,9300,AALST,ESPLANADESTRAAT,
Res-002,9300,AALST,FABRIEKSTRAAT,3 - 11 / 14 - 14
Res-002,9300,AALST,GRAANMARKT,7 - 12
Res-002,9300,AALST,MAJOOR CHARLES CLASERSTRAAT,
Res-002,9300,AALST,NESTOR DE TIERESTRAAT,1 - 3 / 2 - 8
Res-002,9300,AALST,SINT JOZEFSTRAAT,
Res-002,9300,AALST,STATIEPLEIN,
Res-002,9300,AALST,STATIONSSTRAAT,1 - 37 / 4 - 30
Res-002,9300,AALST,VAARTSTRAAT,
Res-002,9300,AALST,VELDSTRAAT,1 - 17 / 2 - 14
Res-002,9300,AALST,VOORUITGANGSTRAAT,1A - 15 / 2 - 16
Res-002,9300,AALST,VRIJHEIDSTRAAT,7 - 55 / 2 - 70
Res-052,9300,AALST,BEEKVELDSTRAAT,
Res-052,9300,AALST,DIEPESTRAAT,1 - 33 / 2A - 30
Res-052,9300,AALST,GUSTAAF PAPESTRAAT,
Res-052,9300,AALST,KALFSTRAAT,
Res-052,9300,AALST,KANUNNIK COLINETSTRAAT,3 - 13 / 5 - 11
Res-052,9300,AALST,KAPITEINTJESSTRAAT,
Res-052,9300,AALST,KEIZERSPLEIN,
Res-052,9300,AALST,KORTE NIEUWSTRAAT,7 - 17 / 2 - 12
Res-052,9300,AALST,KORTE ZOUTSTRAAT,45 - 51 / 50 - 58
Res-052,9300,AALST,NIEUWBEEKSTRAAT,55 - 155 / 66 - 152
Res-052,9300,AALST,SINT JOBSTRAAT,1 - 147 / 2 - 170
Res-003,9300,AALST,ABBEELSTRAAT,
Res-003,9300,AALST,ASSERENDRIES,
Res-003,9300,AALST,BEDRIJVIGHEIDSTRAAT,
Res-003,9300,AALST,CESAR HAELTERMANSTRAAT,
Res-003,9300,AALST,INGANG BONNER,
Res-003,9300,AALST,LEDEBAAN,1 - 75B / 10 - 144 / 77 - 138
Res-003,9300,AALST,NAARSTIGHEIDSTRAAT,1 - 55 / 2A - 72
Res-003,9300,AALST,SINTE ANNALAAN,1 - 97 / 2 - 136
Res-003,9300,AALST,SPAARZAAMHEIDSTRAAT,1 - 29A / 2A - 26
Res-003,9300,AALST,VILAINSTRAAT,49 - 61 / 72 - 76
Res-003,9300,AALST,VOLKSPLAATS,
Res-003,9300,AALST,VOORUITZICHTSTRAAT,1A - 57 / 2 - 64
Res-003,9300,AALST,WELVAARTSTRAAT,137 - 215 / 92 - 158
Res-053,9300,AALST,ALBRECHTLAAN,58 - 60
Res-053,9300,AALST,APPELSTRAAT,
Res-053,9300,AALST,BERGEMEERSENSTRAAT,
Res-053,9300,AALST,BLEEKVELD,
Res-053,9300,AALST,DOOLHOFSTRAAT,
Res-053,9300,AALST,FLORAHALLENSTRAAT,
Res-053,9300,AALST,GROENSTRAAT,55 - 107 / 52 - 120
Res-053,9300,AALST,INGANG BACKAERT,
Res-053,9300,AALST,LABORSTRAAT,
Res-053,9300,AALST,MOORSELBAAN,1-3 - 169 / 8 - 152 / 5 - 157
Res-053,9300,AALST,ONZE LIEVE VROUWPLEIN,13 - 16 / 17 - 23
Res-053,9300,AALST,PASTOOR LAUWEREYSSTRAAT,
Res-053,9300,AALST,SINT-VINCENTIUSSTRAAT,
Res-053,9300,AALST,SLOTSTRAAT,
Res-004,9300,AALST,BOUDEWIJNLAAN,
Res-004,9300,AALST,GENTSE STEENWEG,173 - 175 / 196 - 248 / 171 - 238
Res-004,9300,AALST,KORTE LINDENSTRAAT,
Res-004,9300,AALST,LINDENSTRAAT,5 - 13
Res-004,9300,AALST,NAARSTIGHEIDSTRAAT,57 - 121 / 74 - 172
Res-004,9300,AALST,OUDE GENTBAAN,1 - 41 / 8 - 12
Res-004,9300,AALST,ROKLIJF,
Res-004,9300,AALST,SPAARZAAMHEIDSTRAAT,31 - 75 / 28 - 82
Res-004,9300,AALST,TERLINDENDREEF,1 - 1
Res-004,9300,AALST,VOLKSVERHEFFINGSTRAAT,5 - 99 / 14 - 118
Res-004,9300,AALST,VOORUITZICHTSTRAAT,61 - 83 / 66 - 98
Res-004,9300,AALST,WELVAARTSTRAAT,1 - 91B / 2 - 90 / 3 - 131
Res-054,9300,AALST,1 MEISTRAAT,
Res-054,9300,AALST,BINNENSTRAAT,7 - 135 / 2 - 170
Res-054,9300,AALST,BOLLEWEG,
Res-054,9300,AALST,GROENSTRAAT,3 - 53 / 2 - 50
Res-054,9300,AALST,HOGE STEENBERG,
Res-054,9300,AALST,HOVENIERSPLEIN,
Res-054,9300,AALST,HOVENIERSSTRAAT,1 - 67 / 2 - 66
Res-054,9300,AALST,KORTE BINNENSTRAAT,
Res-054,9300,AALST,LEOPOLDLAAN,
Res-054,9300,AALST,MOLENDRIES,25-27 - 25-27 / 28 - 30
Res-054,9300,AALST,MOUTSTRAAT,25 - 25 / 19 - 19A
Res-054,9300,AALST,PIETER DAENSSTRAAT,
Res-054,9300,AALST,POLYDOOR DE PAEPESTRAAT,
Res-054,9300,AALST,RAPENSTRAAT,
Res-054,9300,AALST,SINTE GUDULASTRAAT,85 - 85 / 44 - 54 / 56 - 58
Res-054,9300,AALST,TWEE HAGENSTRAAT,
Res-054,9300,AALST,VARKENSMARKT,
Res-005,9300,AALST,BERT VAN HOORICKSTRAAT,
Res-005,9300,AALST,DIRK MARTENSSTRAAT,61 - 101 / 58 - 98
Res-005,9300,AALST,DR. JOZEF KLUYSKENSSTRAAT,
Res-005,9300,AALST,INGANG DE PREZ,
Res-005,9300,AALST,JOZEF MEGANCKSTRAAT,
Res-005,9300,AALST,KOOLSTRAAT,3 - 159-161 / 2 - 112 / 70 - 70
Res-005,9300,AALST,MEULESCHETTESTRAAT,
Res-005,9300,AALST,NESTOR DE TIERESTRAAT,5 - 57 / 10 - 54
Res-005,9300,AALST,SINTE ANNALAAN,99 - 121 / 158 - 198
Res-005,9300,AALST,STEENSTRAAT,1 - 41 / 2 - 32
Res-005,9300,AALST,VAKSCHOOLSTRAAT,
Res-005,9300,AALST,VALERIUS DE SAEDELEERSTRAAT,95 - 109 / 82 - 116
Res-005,9300,AALST,VERASTENSTRAAT,
Res-055,9300,AALST,ALFRED NICHELSSTRAAT,1 - 49 / 2 - 14 / 35 - 47
Res-055,9300,AALST,ANNA SNELSTRAAT,
Res-055,9300,AALST,BEGIJNHOF,
Res-055,9300,AALST,BURCHTSTRAAT,
Res-055,9300,AALST,DE CONINCKSTRAAT,
Res-055,9300,AALST,FRITZ DE WOLFKAAI,
Res-055,9300,AALST,GRAANMARKT,1 - 1 / 14 - 17
Res-055,9300,AALST,HOGE VESTEN,
Res-055,9300,AALST,HOUTMARKT,1 - 5
Res-055,9300,AALST,KERKSTRAAT,1 - 15 / 2 - 26
Res-055,9300,AALST,KLAPSTRAAT,
Res-055,9300,AALST,MOLENDRIES,1 - 23 / 2 - 26
Res-055,9300,AALST,MOLENSTRAAT,15 - 77 / 60 - 80 / 18 - 58
Res-055,9300,AALST,MOUTSTRAAT,1 - 15 / 2 - 12
Res-055,9300,AALST,ONDERWIJSSTRAAT,5 - 5 / 1 - 2
Res-055,9300,AALST,OUDE VISMARKT,
Res-055,9300,AALST,PONTSTRAAT,
Res-055,9300,AALST,PRIESTER DAENSPLEIN,
Res-055,9300,AALST,ROZEMARIJNSTRAAT,
Res-055,9300,AALST,SINT MARTENSPLEIN,
Res-055,9300,AALST,STERHERENSTRAAT,
Res-055,9300,AALST,STOOFSTRAAT,
Res-055,9300,AALST,TREINSTRAAT,
Res-055,9300,AALST,VAN LANGENHOVESTRAAT,
Res-055,9300,AALST,VAN WAMBEKEKAAI,
Res-055,9300,AALST,VOLDERSSTRAAT,
Res-055,9300,AALST,WERF,
Res-055,9300,AALST,ZWARTE ZUSTERSSTRAAT,
Res-006,9300,AALST,ARBEIDSTRAAT,1 - 59 / 2 - 48A / 50 - 104A
Res-006,9300,AALST,DE RIDDERSTRAAT,43 - 73 / 40 - 74
Res-006,9300,AALST,DUIVEKEETSTRAAT,
Res-006,9300,AALST,GENTSESTRAAT,1B - 157 / 4 - 110
Res-006,9300,AALST,INGANG JELIE,
Res-006,9300,AALST,KLEIN PARKSKEN,
Res-006,9300,AALST,KONINGIN ASTRIDPARK,
Res-006,9300,AALST,KOOLSTRAAT,73A - 73B
Res-006,9300,AALST,NIEUWBEEKSTRAAT,1 - 53 / 2 - 64
Res-006,9300,AALST,OUDSTRIJDERSPLEIN,
Res-006,9300,AALST,VLAANDERENSTRAAT,
Res-006,9300,AALST,VREDEPLEIN,
Res-006,9300,AALST,VRIJHEIDSTRAAT,65 - 75A / 72 - 78A
Res-006,9300,AALST,WEGGEVOERDENSTRAAT,
Res-006,9300,AALST,WITHUISSTRAAT,
Res-056,9300,AALST,ALFRED KELDERSSTRAAT,
Res-056,9300,AALST,BOTERSTRAAT,
Res-056,9300,AALST,DE RIDDERSTRAAT,5 - 39 / 2 - 38
Res-056,9300,AALST,GROTE MARKT,
Res-056,9300,AALST,HOPMARKT,
Res-056,9300,AALST,INGANG LEVIONOIS,
Res-056,9300,AALST,KATTESTRAAT,1 - 81 / 32 - 80 / 2 - 30
Res-056,9300,AALST,KORTE ZOUTSTRAAT,2 - 48 / 1 - 43
Res-056,9300,AALST,LANGE ZOUTSTRAAT,
Res-056,9300,AALST,LOUIS D'HAESELEERSTRAAT,1 - 51 / 2 - 22
Res-056,9300,AALST,MOLENSTRAAT,1 - 13 / 2 - 16
Res-056,9300,AALST,NIEUWSTRAAT,1 - 67 / 2 - 66 / 30 - 62
Res-056,9300,AALST,PEPERSTRAAT,
Res-056,9300,AALST,PIETER VAN AELST PASSAGE,
Res-056,9300,AALST,SINT JORISSTRAAT,
Res-056,9300,AALST,SLUIERSTRAAT,
Res-056,9300,AALST,'T MAEGELIJNPLEIN,
Res-056,9300,AALST,UTOPIA,
Res-007,9300,AALST,BREDESTRAAT,3 - 53 / 2 - 66 / 5 - 23
Res-007,9300,AALST,BROUWERIJSTRAAT,
Res-007,9300,AALST,DRIE SLEUTELSSTRAAT,
Res-007,9300,AALST,HEILIG HARTLAAN,
Res-007,9300,AALST,HERTSHAGE,63 - 113 / 38 - 72 / 44 - 68
Res-007,9300,AALST,JASMIJNSTRAAT,
Res-007,9300,AALST,NIEUWBRUGSTRAAT,
Res-007,9300,AALST,PIERRE CORNELISKAAI,38 - 38
Res-007,9300,AALST,TULPSTRAAT,
Res-007,9300,AALST,VERBRANDHOFSTRAAT,10 - 34 / 1 - 37
Res-007,9300,AALST,WEVERIJSTRAAT,
Res-007,9300,AALST,WIJMENPUT,
Res-057,9300,AALST,AUGUST MARCELSTRAAT,
Res-057,9300,AALST,DIEPESTRAAT,35 - 137 / 32 - 148
Res-057,9300,AALST,GERAARDSBERGSESTRAAT,19 - 195 / 2 - 236 / 1 - 52
Res-057,9300,AALST,HERMAN DE VOSSTRAAT,
Res-057,9300,AALST,HUGO LEFEVRESTRAAT,27 - 29
Res-057,9300,AALST,KANUNNIK COLINETSTRAAT,15 - 15
Res-057,9300,AALST,KERKHOFLAAN,3 - 83 / 4 - 58
Res-057,9300,AALST,LEO DE BETHUNELAAN,1 - 1
Res-057,9300,AALST,STEFAAN DE JONGHESTRAAT,
Res-057,9300,AALST,ZAVELPUT,
Res-008,9300,AALST,BEVRIJDINGSSTRAAT,
Res-008,9300,AALST,BORLUUTSTRAAT,
Res-008,9300,AALST,DOKTER DE MOORSTRAAT,
Res-008,9300,AALST,FRANS BRECKPOTWIJK,
Res-008,9300,AALST,GASTHUISSTRAAT,
Res-008,9300,AALST,HERTSHAGE,1 - 61 / 2 - 32 / 21 - 21
Res-008,9300,AALST,HIPPOLIET MEERTWIJK,
Res-008,9300,AALST,HOSPITAALSTRAAT,
Res-008,9300,AALST,HOUTKAAI,
Res-008,9300,AALST,HOVENIERSSTRAAT,75 - 105 / 68 - 104
Res-008,9300,AALST,JAN BIJLSTRAAT,
Res-008,9300,AALST,JAN DE WINDTSTRAAT,
Res-008,9300,AALST,LAZARETSTRAAT,
Res-008,9300,AALST,LIEFDADIGHEIDSTRAAT,
Res-008,9300,AALST,PIERRE CORNELISKAAI,17 - 17 / 13 - 29 / 2A - 10
Res-008,9300,AALST,POLITIEKE GEVANGENENSTRAAT,
Res-008,9300,AALST,SINTE GUDULASTRAAT,1 - 63 / 2A - 36
Res-008,9300,AALST,TRAMSTRAAT,
Res-008,9300,AALST,VIOLETTESTRAAT,
Res-008,9300,AALST,ZEGEPRAALSTRAAT,
Res-058,9300,AALST,DOKTER ANDRE GOFFAERTSTRAAT,
Res-058,9300,AALST,EIKSTRAAT,87 - 107 / 70 - 86
Res-058,9300,AALST,FELIX DE HERTSTRAAT,
Res-058,9300,AALST,FRANS BLANCKAERTDREEF,
Res-058,9300,AALST,OSBROEKSTRAAT,37 - 61 / 40 - 58
Res-058,9300,AALST,PARKLAAN,1 - 233 / 2 - 6 / 6B - 62
Res-009,9300,AALST,AFSPANNINGSSTRAAT,11 - 37 / 14 - 40
Res-009,9300,AALST,GENTSE STEENWEG,37 - 165 / 22 - 182 / 66 - 146
Res-009,9300,AALST,KRIEKENLAAN,
Res-009,9300,AALST,MERESTRAAT,9 - 167 / 2 - 88
Res-009,9300,AALST,MOLENDREEF,
Res-009,9300,AALST,NETTE COESSENSSTRAAT,
Res-009,9300,AALST,OLIEMOLEN,
Res-009,9300,AALST,REGELSBRUGGESTRAAT,15 - 103 / 8 - 118
Res-009,9300,AALST,SIESEGEMLAAN,
Res-009,9300,AALST,VOLKSVERHEFFINGSTRAAT,1A - 1E / 10 - 10
Res-059,9300,AALST,ACACIASTRAAT,
Res-059,9300,AALST,EIKSTRAAT,1 - 85 / 2 - 64A
Res-059,9300,AALST,HOUTMARKT,6 - 34 / 20 - 24
Res-059,9300,AALST,HUGO LEFEVRESTRAAT,1 - 25 / 2 - 48
Res-059,9300,AALST,KORTE SINT JANSTRAAT,
Res-059,9300,AALST,LOUIS D'HAESELEERSTRAAT,53 - 73 / 54 - 74
Res-059,9300,AALST,LOUIS PAUL BOONSTRAAT,
Res-059,9300,AALST,MAANSTRAAT,1 - 39 / 2 - 40
Res-059,9300,AALST,ONZE LIEVE VROUWSTRAAT,
Res-059,9300,AALST,OSBROEKSTRAAT,1 - 33 / 4 - 38
Res-059,9300,AALST,SCHERREVELDSTRAAT,
Res-059,9300,AALST,SINT JANSTRAAT,
Res-059,9300,AALST,SINT KAMIELSTRAAT,
Res-059,9300,AALST,WATERTORENSTRAAT,
Res-059,9300,AALST,WINDMOLENSTRAAT,1 - 49 / 2 - 28
Res-059,9300,AALST,ZONNESTRAAT,1A - 95 / 2A - 58 / 51 - 94
Res-010,9300,AALST,DENDERMONDSE STEENWEG,131 - 179-183 / 234 - 302
Res-010,9300,AALST,KERREBROEKSTRAAT,
Res-010,9300,AALST,LEDEBAAN,143 - 325 / 160 - 300 / 181 - 299
Res-010,9300,AALST,LINDENSTRAAT,103 - 231 / 62 - 132
Res-010,9300,AALST,ONEGEM,
Res-010,9300,AALST,RAFFELGEMSTRAAT,34 - 34
Res-010,9300,AALST,ZIJPBEEKSTRAAT,
Res-060,9300,AALST,AFFLIGEMDREEF,71 - 143 / 48 - 124 / 93 - 97
Res-060,9300,AALST,BEEKSTRAAT,101 - 147 / 82 - 148
Res-060,9300,AALST,BORREPUT,
Res-060,9300,AALST,HOF TEN BERGESTRAAT,55 - 219 / 34 - 88
Res-060,9300,AALST,KLUISDREEF,57 - 79 / 50 - 66 / 45 - 45
Res-060,9300,AALST,KOEISTRAAT,
Res-060,9300,AALST,LANGESTRAAT,111 - 269 / 56 - 178 / 94A - 331
Res-060,9300,AALST,STEENLAND,
Res-060,9300,AALST,WORTELLAND,
Res-011,9300,AALST,BREDESTRAAT,67 - 129 / 70 - 158 / 55 - 61A
Res-011,9300,AALST,DENDERMONDSE STEENWEG,105 - 129 / 224 - 232B
Res-011,9300,AALST,EENDRACHTSTRAAT,
Res-011,9300,AALST,ENGELSTRAAT,
Res-011,9300,AALST,GARENSTRAAT,
Res-011,9300,AALST,GULDENBOOMPLEIN,
Res-011,9300,AALST,JAN JELIESTRAAT,
Res-011,9300,AALST,KATOENSTRAAT,
Res-011,9300,AALST,LANDBOUWERSSTRAAT,2 - 12
Res-011,9300,AALST,NOORDSTRAAT,1 - 39 / 2 - 46
Res-011,9300,AALST,PIERRE CORNELISKAAI,40 - 40
Res-011,9300,AALST,REDERIJKERSPLEIN,7 - 13
Res-011,9300,AALST,SPINNERSTRAAT,
Res-011,9300,AALST,TRAGEL,47 - 47 / 48 - 54
Res-011,9308,HOFST,TRAGEL,59 - 60
Res-011,9300,AALST,TWIJNDERSTRAAT,
Res-011,9300,AALST,VERBRANDHOFSTRAAT,41 - 89 / 100 - 102
Res-061,9300,AALST,BERGEKOUTER,1 - 83 / 10 - 60
Res-061,9300,AALST,DRIE VELDENWEG,
Res-061,9300,AALST,GOUDBLOEMSTRAAT,
Res-061,9300,AALST,GROTSTRAAT,
Res-061,9300,AALST,GUIDO GEZELLESTRAAT,71 - 99 / 54 - 76
Res-061,9300,AALST,KREKELSTRAAT,
Res-061,9300,AALST,KROONSTRAAT,
Res-061,9300,AALST,KRUISVELDSTRAAT,1 - 23 / 2 - 12
Res-061,9300,AALST,LANGESTRAAT,1 - 85 / 2 - 32 / 12 - 75
Res-061,9300,AALST,MOORSELBAAN,171 - 253 / 164-166 - 164-166
Res-061,9300,AALST,MOORSELBAAN 164-166,AZORG
Res-061,9300,AALST,SCHENDELBEEKHOFSTRAAT,
Res-012,9300,AALST,EEGDEKEN,19 - 25
Res-012,9300,AALST,ERPESTRAAT,
Res-012,9300,AALST,GENTSE STEENWEG,241 - 381 / 382 - 552 / 440A - 440A
Res-012,9300,AALST,MERESTRAAT,169 - 175
Res-012,9300,AALST,OUDE GENTBAAN,135 - 295-297 / 52 - 258 / 247 - 265
Res-012,9300,AALST,OUDE HEERBAAN,3 - 27 / 6 - 22
Res-012,9300,AALST,PATERNOSTERSTRAAT,
Res-012,9300,AALST,REINAERTDREEF,
Res-012,9300,AALST,SINTE APOLONIASTRAAT,
Res-012,9300,AALST,WAGENSTRAAT,
Res-012,9300,AALST,ZEELDRAAIERSTRAAT,1 - 55 / 2 - 4
Res-062,9300,AALST,GERAARDSBERGSESTRAAT,203 - 209 / 240 - 268
Res-062,9300,AALST,HOEZEKOUTERDREEF,
Res-062,9320,NIEUW,HOEZESTRAAT,72 - 72
Res-062,9300,AALST,KARDOENSTRAAT,
Res-062,9300,AALST,KAREELSTRAAT,
Res-062,9300,AALST,KERKHOF,
Res-062,9300,AALST,KERKHOFLAAN,95 - 99
Res-062,9300,AALST,KLEINE HOEZEKOUTER,
Res-062,9300,AALST,LEO DE BETHUNELAAN,53 - 127 / 2 - 108 / 3 - 51
Res-062,9300,AALST,LOKERENVELDSTRAAT,
Res-062,9300,AALST,MARCEL DE BISSCHOPSTRAAT,
Res-062,9300,AALST,MOLSLASTRAAT,
Res-062,9320,EREMB,NINOVESTEENWEG,2 - 2
Res-062,9300,AALST,RAMMENASSTRAAT,
Res-013,9300,AALST,BREDESTRAAT,137 - 397 / 162 - 408
Res-013,9300,AALST,DIJKSTRAAT,
Res-013,9310,HERDE,GROTE BAAN,1 - 1 / 2 - 4
Res-013,9300,AALST,HAMMESTRAAT,
Res-013,9300,AALST,LEENLAAN,
Res-013,9300,AALST,LION D'ORWEG,
Res-013,9300,AALST,LOSWEG,
Res-013,9300,AALST,OUDEN DENDERMONDSE STEENWEG,374 - 394 / 337 - 404
Res-013,9300,AALST,VICTOR BOCQUESTRAAT,
Res-013,9300,AALST,WIJNGAARDVELD,
Res-063,9300,AALST,ALFRED NICHELSSTRAAT,53 - 55
Res-063,9300,AALST,BERGEKOUTER,99A - 139 / 88 - 146 / 141 - 143 / 103A - 103A
Res-063,9300,AALST,BEUKENDREEF,
Res-063,9300,AALST,BRUSSELSE STEENWEG,41D - 41D / 2 - 20 / 4 - 72
Res-063,9300,AALST,BURGEMEESTERSPLEIN,
Res-063,9300,AALST,DE GHEESTSTRAAT,
Res-063,9300,AALST,DE VILANDERSTRAAT,
Res-063,9300,AALST,DESIRE DE WOLFSTRAAT,
Res-063,9300,AALST,EREMBODEGEMSTRAAT,
Res-063,9300,AALST,EUGEEN BOSTEELSSTRAAT,
Res-063,9300,AALST,FRÉDÉRIC VAN DER NOOTSTRAAT,
Res-063,9300,AALST,HAKELENBERG,
Res-063,9300,AALST,LEO GHEERAERDTSLAAN,
Res-063,9300,AALST,TEN BERG,1 - 80
Res-063,9300,AALST,ZEEBERGKAAI,
Rbu-014,9300,AALST,STATIEPLEIN 12,VLAAMS NEUTRAAL ZIEKENFONDS
Rbu-014,9300,AALST,VAARTSTRAAT 16,vlaamse belastingdienst
Rbu-014,9300,AALST,WERF 9,STADHUIS AALST
Res-014,9300,AALST,BOOMGAARDSTRAAT,1 - 45 / 2 - 28
Res-014,9300,AALST,DISTELSTRAAT,
Res-014,9300,AALST,GELDHOFSTRAAT,3 - 79 / 2 - 44 / 48 - 80
Res-014,9300,AALST,GOUDEN LEEUWSTRAAT,
Res-014,9300,AALST,HET WALLEKEN,
Res-014,9300,AALST,HOENDERVELD,
Res-014,9300,AALST,LANDBOUWERSSTRAAT,14 - 66
Res-014,9300,AALST,NEDERSTEENBERG,
Res-014,9300,AALST,OUDEN DENDERMONDSE STEENWEG,1 - 139 / 2 - 156A / 112 - 140
Res-014,9300,AALST,PARK DE BLIECK,
Res-014,9300,AALST,POPPERODEDRIES,
Res-014,9300,AALST,PRINSENVELD,
Res-014,9300,AALST,REDERIJKERSPLEIN,1 - 19
Res-014,9300,AALST,WOLVENVELD,
Res-014,9300,AALST,ZAVELBAAN,
Res-064,9300,AALST,BOTERMELKSTRAAT,149 - 203-203A / 116 - 180 / 98 - 114
Res-064,9300,AALST,FONTEINSTRAAT,1 - 33 / 2 - 50
Res-064,9300,AALST,HOPSTRAAT,
Res-064,9300,AALST,KOOLZAADSTRAAT,
Res-064,9300,AALST,LIJNZAADSTRAAT,
Res-064,9300,AALST,OSCAR DEBUNNESTRAAT,80 - 80
Res-064,9300,AALST,OUDE ABDIJSTRAAT,
Res-064,9310,HERDE,PONTWEG,173 - 173 / 138 - 138
Res-064,9300,AALST,PONTWEG,175 - 175 / 140 - 140
Res-064,9300,AALST,ROZENDREEF,159 - 341A / 168 - 250 / 192 - 194A
Res-064,9300,AALST,'T SPIEKEN,
Res-064,9300,AALST,TIENDE VRIJSTRAAT,
Res-064,9300,AALST,ZESBUNDERSTRAAT,
Res-015,9300,AALST,ARENDSTRAAT,
Res-015,9300,AALST,BINNENSTRAAT,147 - 363 / 172 - 382
Res-015,9300,AALST,BOTERMELKSTRAAT,1 - 9
Res-015,9300,AALST,DOMPELSTRAAT,
Res-015,9300,AALST,GEFUSILLEERDENSTRAAT,
Res-015,9300,AALST,GELDHOFSTRAAT,81 - 113 / 82 - 126
Res-015,9300,AALST,HENRI MATTHIEUSTRAAT,
Res-015,9300,AALST,KLAVERSTRAAT,1 - 21 / 2 - 18
Res-015,9300,AALST,LOUIS DE RIJCKESTRAAT,
Res-015,9300,AALST,PETRUS VAN NUFFELSTRAAT,2 - 46 / 1A - 15
Res-015,9300,AALST,SINT URSMAARSTRAAT,
Res-065,9300,AALST,ARENDSVELD,
Res-065,9300,AALST,DRAAIERSSTRAAT,
Res-065,9300,AALST,GROENSTRAAT,141 - 295 / 134 - 322
Res-065,9300,AALST,HOOGVELD,
Res-065,9300,AALST,KEIENBERG,
Res-065,9300,AALST,MIJLBEKELAAN,
Res-065,9300,AALST,PETRUS VAN NUFFELSTRAAT,17 - 91 / 64 - 90
Res-065,9300,AALST,ROZENDREEF,1 - 133 / 2 - 162 / 3 - 44
Res-065,9300,AALST,ROZENWEG,
Res-065,9300,AALST,SPOELSTRAAT,
Res-016,9300,AALST,AJUINENSTRAAT,
Res-016,9300,AALST,BOSVELD,
Res-016,9300,AALST,BOTERMELKSTRAAT,11 - 141 / 50 - 94 / 18 - 46
Res-016,9300,AALST,BRAAMBESSTRAAT,
Res-016,9300,AALST,EGLANTIERSTRAAT,
Res-016,9300,AALST,GRAANVELD,
Res-016,9300,AALST,HAVERVELD,
Res-016,9300,AALST,HEIDESTRAAT,
Res-016,9300,AALST,HOREBEKEVELD,
Res-016,9300,AALST,KLAPROOSSTRAAT,
Res-016,9300,AALST,KLAVERSTRAAT,23 - 43 / 20 - 62 / 50 - 56
Res-016,9300,AALST,LAREWEI,
Res-016,9300,AALST,OUDEN DENDERMONDSE STEENWEG,207 - 331 / 158 - 360 / 149 - 201
Res-016,9300,AALST,PIETER DE BRUYNESTRAAT,
Res-016,9300,AALST,SALAARTSBOS,
Res-016,9300,AALST,SCHABBEKENSSTRAAT,
Res-016,9300,AALST,SINTE-BARBARASTRAAT,
Res-016,9300,AALST,SINT-HUBERTUSSTRAAT,
Res-066,9300,AALST,ACHTERWEG,
Res-066,9300,AALST,BEEKSTRAAT,29 - 41 / 4 - 32
Res-066,9300,AALST,BRAKELSTRAAT,
Res-066,9300,AALST,CLARA 'T ROENSTRAAT,
Res-066,9300,AALST,DOORNSTRAAT,97 - 135 / 52 - 100
Res-066,9300,AALST,DOORNVELD,
Res-066,9300,AALST,GUIDO GEZELLESTRAAT,1 - 69 / 4 - 52
Res-066,9300,AALST,JOZEF BORREMANSTRAAT,
Res-066,9300,AALST,LOUISE MAYARTSTRAAT,
Res-066,9300,AALST,MOORSELBAAN,273 - 675 / 240 - 590 / 250 - 391
Res-066,9300,AALST,OSCAR DEBUNNESTRAAT,3 - 31 / 4 - 4
Res-066,9300,AALST,OUDE WATERMOLEN,
Res-066,9300,AALST,PAARDENDRIES,
Res-066,9300,AALST,PADDENVIJVERSTRAAT,
Res-017,9300,AALST,BIEKORFSTRAAT,
Res-017,9300,AALST,EXPOSTRAAT,
Res-017,9300,AALST,GENTSE STEENWEG,177 - 181 / 330 - 380 / 183 - 239
Res-017,9300,AALST,IRISSTRAAT,
Res-017,9300,AALST,KORTE VOORUITZICHTSTRAAT,
Res-017,9300,AALST,KREUPELVELDSTRAAT,
Res-017,9300,AALST,LINDENSTRAAT,15 - 101 / 2 - 58
Res-017,9300,AALST,OUDE GENTBAAN,49 - 83 / 14 - 50
Res-017,9300,AALST,PADDENHOEK,
Res-017,9300,AALST,PARK TERLINDEN,
Res-017,9300,AALST,RAFFELGEMSTRAAT,1 - 59 / 2 - 18 / 22 - 32
Res-017,9300,AALST,SQUARE JACQUES GEERINCKX,
Res-017,9300,AALST,SYLVAIN VAN DER GUCHTLAAN,
Res-017,9300,AALST,TERLINDENDREEF,8 - 8
Res-017,9300,AALST,TERLINDENSTRAAT,
Res-017,9300,AALST,WATERINGEN,
Res-067,9300,AALST,ALBRECHTLAAN,1 - 121 / 52 - 78 / 2 - 50
Res-067,9300,AALST,APOSTELSTRAAT,
Res-067,9300,AALST,BARON ROMAIN MOYERSOEN PARK,
Res-067,9300,AALST,BERGEKOUTER,87 - 99 / 66 - 86
Res-067,9300,AALST,HOF TEN BERGESTRAAT,1 - 53 / 2 - 32 / 23 - 27
Res-067,9300,AALST,KLATERBAAN,
Res-067,9300,AALST,LAMBRECHTSTRAAT,
Res-067,9300,AALST,LANGESTRAAT,87 - 109 / 36 - 54
Res-067,9300,AALST,NEDERVELDSTRAAT,
Res-067,9300,AALST,ONZE LIEVE VROUWPLEIN,1 - 12
Res-067,9300,AALST,OSCAR VAN MALDERSTRAAT,
Res-067,9300,AALST,RUSTOORDSTRAAT,
Res-067,9300,AALST,'T KLEIN EECKHOUT,
Res-067,9300,AALST,TEN BERG,37 - 69 / 5 - 71
Res-067,9300,AALST,WIJNGAARDSTRAAT,3 - 57 / 2 - 62
Res-067,9300,AALST,ZWEMBADLAAN,
Res-101,9320,EREMB,CHURCHILLSTEENWEG,1B - 27 / 2 - 4
Res-101,9320,EREMB,EVERSBERG,
Res-101,9320,EREMB,GROENEWEG,1 - 27 / 2 - 28
Res-101,9320,EREMB,KORTE KEPPESTRAAT,
Res-101,9320,EREMB,NINOVESTEENWEG,93 - 185A / 4 - 198 / 1 - 91
Res-101,9320,EREMB,ORANGERIESTRAAT,
Res-101,9320,EREMB,VILLALAAN,
Res-151,9320,EREMB,BOEKHOUTWEG,
Res-151,9320,EREMB,BRONLAAN,
Res-151,9320,EREMB,BRUSSELBAAN,285 - 313 / 266 - 300-300B
Res-151,9320,EREMB,DOM MODEST VAN ASSCHELAAN,
Res-151,9320,EREMB,KLEISTRAAT,
Res-151,9320,EREMB,LETTERVELDWEG,
Res-151,9320,EREMB,NEKKERSPOEL,
Res-151,9320,EREMB,RESSCHEBEKE,
Res-151,9320,EREMB,ROEVELD,1 - 13 / 2 - 10-12
Res-151,9320,EREMB,ROMEINSE WEG,
Res-151,9320,EREMB,TEN BOS,1 - 55 / 2 - 30 / 26 - 28
Res-151,9320,EREMB,WINGERD,
Res-102,9310,HERDE,BEEKKANT,
Res-102,9310,HERDE,BEEKWEEWEG,
Res-102,9310,HERDE,BROEKSTRAAT,1 - 79 / 2 - 58 / 52 - 54
Res-102,9310,HERDE,GROTE BAAN,13 - 87 / 6 - 86 / 50 - 58
Res-102,9310,HERDE,GUDSTRAAT,
Res-102,9310,HERDE,HOF TER HAMMESTRAAT,1 - 25 / 4 - 4
Res-102,9310,HERDE,KAPELLEOMMEGANG,
Res-102,9310,HERDE,KOUTERBAAN,15 - 67 / 36 - 86
Res-102,9310,HERDE,MIDDENWEG,
Res-102,9310,HERDE,OUDENHOFBAAN,1 - 1
Res-102,9310,HERDE,PONTWEG,83 - 171A / 54 - 132 / 94 - 96
Res-102,9310,HERDE,TEN BEELDEKEN,
Res-102,9310,HERDE,VLIEGUITWEG,
Res-152,9310,MELDE,ACHTERSTRAAT,
Res-152,9310,MOORS,BEVENHOUTENWEG,
Res-152,9310,MOORS,EXTERKENSTRAAT,31 - 43 / 58 - 68
Res-152,9310,MELDE,KAMMENKOUTERSTRAAT,2 - 2 / 1 - 16
Res-152,9310,MELDE,KLAARHAAGSTRAAT,
Res-152,9310,MOORS,KOEISTEERTWEG,
Res-152,9310,MELDE,KOKERIJSTRAAT,
Res-152,9310,MOORS,OPWIJKSE STEENWEG,33 - 99 / 22 - 106 / 51 - 71
Res-152,9310,MOORS,PEE KLAKSTRAAT,
Res-152,9310,MOORS,ROMELEINWEG,
Res-152,9310,MELDE,TRUYENBOSSTRAAT,
Res-152,9310,MOORS,TRUYENBOSWEG,
Res-152,9310,MELDE,WALBURGAWEG,1 - 37 / 2 - 38 / 15 - 44
Res-152,9310,MOORS,WALBURGAWEG,46 - 46
Res-152,9310,MOORS,WATERKASTEEL,
Res-152,9310,MELDE,ZUREMEERSWEG,
Res-103,9320,NIEUW,ACHTERMAAL,
Res-103,9320,NIEUW,BLAUWENBERGSTRAAT,
Res-103,9320,NIEUW,BROEKVELDSTRAAT,1 - 27 / 4 - 36
Res-103,9320,NIEUW,KANTONSTRAAT,
Res-103,9320,NIEUW,KEIZERSTRAAT,
Res-103,9320,NIEUW,KERKVELDWEG,21 - 33 / 12A - 32 / 35 - 71
Res-103,9320,NIEUW,KERSELAARSTRAAT,
Res-103,9320,NIEUW,KRIEKSTRAAT,
Res-103,9320,NIEUW,LIPPENSHOFWEG,
Res-103,9320,NIEUW,LOUIS CALLEBAUTSTRAAT,
Res-103,9320,NIEUW,MAALDREEF,51 - 67 / 66 - 88 / 47 - 49A
Res-103,9320,NIEUW,MAATWEG,
Res-103,9320,NIEUW,MALEVELD,
Res-103,9320,NIEUW,NIEUWENBROEKSTRAAT,
Res-103,9320,NIEUW,PATRICK LANCKMANSTRAAT,
Res-103,9320,NIEUW,TERBEKENSTRAAT,1 - 41 / 2 - 54
Res-153,9320,NIEUW,ACHTERBREMT,
Res-153,9320,NIEUW,BREMTSTRAAT,1 - 167 / 88 - 156 / 2A - 128
Res-153,9420,MERE,DAALBROEK,105 - 121 / 107 - 109
Res-153,9320,NIEUW,EDIXVELDE,3 - 133 / 2 - 118A / 17 - 56
Res-153,9320,NIEUW,HUYTSTRAAT,1 - 43 / 2 - 12 / 12A - 36
Res-153,9320,NIEUW,KWALENHOEKSTRAAT,
Res-153,9320,NIEUW,LUC SCHAMPSTRAAT,
Res-153,9320,NIEUW,RIJDENTSTRAAT,
Res-153,9320,NIEUW,SPECHTWEG,
Res-153,9320,NIEUW,STATIONWEG,
Res-153,9320,NIEUW,TEERLINGVELDSTRAAT,
Res-153,9320,NIEUW,TOLSTRAAT,71C - 73 / 34A - 71
Res-104,9320,NIEUW,HAZELAARSTRAAT,1 - 3 / 2 - 26
Res-104,9320,NIEUW,KERKMEERSSTRAAT,
Res-104,9320,NIEUW,KERKVELDWEG,2B - 19
Res-104,9320,NIEUW,KLEINDERBEEK,
Res-104,9320,NIEUW,KWADESTEENSTRAAT,
Res-104,9320,NIEUW,KWALESTRAAT,1A - 119A / 2 - 154-156 / 58 - 119
Res-104,9320,NIEUW,MAALDREEF,1 - 45A / 14 - 62
Res-104,9320,NIEUW,NIEUWERKERKEN-DORP,
Res-104,9320,NIEUW,RESTERT,76 - 76
Res-104,9320,NIEUW,SCHOOLSTRAAT,1 - 1A / 2 - 2
Res-104,9320,NIEUW,SINTELSTRAAT,
Res-104,9320,NIEUW,'T VESTJEN,
Res-104,9320,NIEUW,TERBEKENSTRAAT,45 - 63 / 62 - 74
Res-104,9320,NIEUW,TOLSTRAAT,1 - 39 / 2 - 34 / 13 - 13
Res-104,9320,NIEUW,VERENIGDE NATIESSTRAAT,
Res-104,9320,NIEUW,ZURENDRIES,
Res-154,9320,NIEUW,ANKERSTRAAT,
Res-154,9320,NIEUW,BERGSTRAAT,1 - 111 / 4 - 90A
Res-154,9320,NIEUW,BREDEWEG,
Res-154,9320,NIEUW,DAMSTRAAT,
Res-154,9320,NIEUW,DÉSIRÉ SOUFFREAUWEG,2 - 2
Res-154,9320,EREMB,DÉSIRÉ SOUFFREAUWEG,1 - 7
Res-154,9320,NIEUW,DWARSSTRAAT,1 - 25 / 2 - 24
Res-154,9320,NIEUW,HAALTERTSTRAAT,
Res-154,9320,NIEUW,HOEZESTRAAT,1 - 35 / 2 - 54
Res-154,9320,NIEUW,LAARSTRAAT,
Res-154,9320,NIEUW,PAPESTRAAT,1 - 21 / 2 - 66 / 24 - 34
Res-154,9320,NIEUW,PASTORIJSTRAAT,
Res-154,9320,NIEUW,SCHOOLSTRAAT,1B - 83 / 24A - 70 / 2A - 24
Res-154,9320,NIEUW,ST. ROCHUSSTRAAT,
Res-154,9320,NIEUW,STEENOVEN,
Res-154,9320,NIEUW,VLAAMSEGAAISTRAAT,
Res-105,9320,EREMB,BEUKENLAAN,1 - 67 / 2 - 70
Res-105,9320,NIEUW,BRUGSTRAAT,
Res-105,9320,EREMB,DENNENLAAN,28 - 34
Res-105,9320,EREMB,DREEFSTRAAT,
Res-105,9320,NIEUW,DRIES,25 - 71 / 2 - 52 / 1 - 21
Res-105,9320,NIEUW,ERKENDRIES,
Res-105,9320,EREMB,HINNENSVELD,
Res-105,9320,NIEUW,HOEZESTRAAT,35A - 67 / 60 - 70A
Res-105,9320,EREMB,HOF TER LOKERENSTRAAT,9 - 43 / 40 - 74
Res-105,9320,NIEUW,KRAAIWINKELSTRAAT,
Res-105,9320,EREMB,MEIDOORNLAAN,
Res-105,9320,NIEUW,MORTELVELD,
Res-105,9320,NIEUW,PAPAVERSTRAAT,
Res-105,9320,NIEUW,PIJPENBEEK,
Res-105,9320,NIEUW,RESTERT,3 - 147 / 2 - 50 / 52 - 138
Res-105,9320,EREMB,SPARRENLAAN,
Res-105,9320,NIEUW,STERREBOSSTRAAT,
Res-155,9320,EREMB,BROEDER DE ZWAEFLAAN,
Res-155,9320,EREMB,CHURCHILLSTEENWEG,41 - 93 / 4A - 24
Res-155,9320,EREMB,DENNENLAAN,1 - 33 / 2 - 26
Res-155,9320,EREMB,DOTTERBLOEMSTRAAT,
Res-155,9320,EREMB,DRIEHOEKSTRAAT,27 - 51 / 18 - 50 / 1 - 19
Res-155,9320,EREMB,GERAARDSBERGSESTEENWEG,
Res-155,9320,EREMB,HAAGBEUKSTRAAT,
Res-155,9320,EREMB,HAANTJESWEG,
Res-155,9320,EREMB,HOF TER LOKERENSTRAAT,2 - 38 / 1A - 7
Res-155,9320,EREMB,INDUSTRIELAAN,1 - 15 / 2 - 16 / 17 - 19A
Res-155,9320,EREMB,LEPELLOI,
Res-155,9320,EREMB,NINOVESTRAAT,2A - 56 / 1 - 49
Res-155,9320,EREMB,OLMENSTRAAT,
Res-155,9320,EREMB,PLATAANLAAN,
Res-155,9320,EREMB,VENNESTRAAT,
Res-155,9320,EREMB,WATERKERINGSTRAAT,
Res-106,9320,EREMB,ALFONS VAN DE MAELESTRAAT,
Res-106,9320,EREMB,BURGEMEESTER DE COCKLAAN,
Res-106,9320,EREMB,D'UITSEWEG,
Res-106,9320,EREMB,GROENENBRIELSTRAAT,
Res-106,9320,EREMB,HEILBORRE,
Res-106,9320,EREMB,HOLLEWEG,
Res-106,9320,EREMB,IJZERENWEGSTRAAT,4 - 43
Res-106,9320,EREMB,KAPELLEKENSBAAN,
Res-106,9320,EREMB,KEPPESTRAAT,
Res-106,9320,EREMB,MELKWEG,
Res-106,9320,EREMB,NINOVESTEENWEG,121 - 121
Res-106,9320,EREMB,ROOMS-HOFSTRAAT,
Res-106,9320,EREMB,VERBINDINGSSTRAAT,
Res-106,9320,EREMB,WEIDESTRAAT,
Res-106,9320,EREMB,WELLEWEG,1 - 39 / 4 - 26C
Res-156,9320,EREMB,ASTERSTRAAT,
Res-156,9320,EREMB,AUTOSTRADELAAN,
Res-156,9473,WELLE,BONTEBEEK,
Res-156,9473,WELLE,GROENEWEG,21 - 39 / 2 - 36
Res-156,9473,WELLE,HERTSTRAAT,79 - 127 / 56 - 128
Res-156,9320,EREMB,INDUSTRIELAAN,33 - 37 / 18 - 30 / 21A - 31
Res-156,9320,EREMB,ITALIËNWEG,
Res-156,9320,EREMB,KWADELAPSTRAAT,
Res-156,9320,EREMB,NACHTEGAALSTRAAT,
Res-156,9320,EREMB,NINOVESTEENWEG,187 - 275 / 200 - 244 / 202 - 231
Res-156,9473,WELLE,STEENWEG,3 - 103 / 4 - 136
Res-156,9320,EREMB,WATERMOLENSTRAAT,
Res-156,9320,EREMB,WATERVENNE,
Res-156,9473,WELLE,WELLEMEERSENSTRAAT,
Res-156,9320,EREMB,WELLEWEG,41 - 81 / 28 - 86
Res-107,9320,EREMB,AVAANSTRAAT,
Res-107,9320,EREMB,DOKTER CARLIERLAAN,
Res-107,9320,EREMB,EREMBODEGEM-DORP,
Res-107,9320,EREMB,GASTON DE SCHEPPERSTRAAT,
Res-107,9320,EREMB,GERSTENSTRAAT,
Res-107,9320,EREMB,HOF TER BURGHTSTRAAT,
Res-107,9320,EREMB,HOGEWEG,1 - 3B / 2 - 8
Res-107,9320,EREMB,KAAI,
Res-107,9320,EREMB,KAARDEVELDWEG,
Res-107,9320,EREMB,KAMIEL WALGRAEFPLEIN,
Res-107,9320,EREMB,TERMURENLAAN,
Res-107,9320,EREMB,VREDESTRAAT,
Res-107,9320,EREMB,WILGSTRAAT,
Res-107,9320,EREMB,ZWALMKOUTER,
Res-157,9320,EREMB,AVONDELSBAAN,
Res-157,9320,EREMB,BRUSSELBAAN,155 - 279 / 120 - 264B / 167 - 197
Res-157,9320,EREMB,KAPELLESTRAAT,1 - 47 / 2 - 48
Res-157,9320,EREMB,KAPELLEVELD,
Res-157,9320,EREMB,KROMME ELLEBOOGSTRAAT,56 - 56
Res-157,9320,EREMB,LEUVESTRAAT,97 - 187 / 142 - 272 / 171 - 185B
Res-157,9320,EREMB,MEERLAANSTRAAT,
Res-157,9320,EREMB,PAPEVELD,
Res-157,9320,EREMB,SCHERRESTRAAT,
Res-157,9320,EREMB,SINT AMANDSTRAAT,
Res-157,9320,EREMB,STILLEBREEK,
Res-157,9320,EREMB,VARENT,
Res-157,9320,EREMB,VINKENLAAN,
Res-108,9300,AALST,AFFLIGEMDREEF,3 - 59 / 2 - 38
Res-108,9320,EREMB,BRUSSELBAAN,1 - 93C / 2 - 68
Res-108,9300,AALST,BRUSSELSE STEENWEG,75 - 211-213 / 116 - 250 / 80 - 96
Res-108,9320,EREMB,DE BOOMSTRAAT,
Res-108,9320,EREMB,HANDBOS,
Res-108,9320,EREMB,HEUVEL,
Res-108,9320,EREMB,JAGERSHOEK,5 - 45 / 10 - 46
Res-108,9300,AALST,KLOOSTERWEG,1 - 7 / 2 - 24
Res-108,9300,AALST,KLUISDREEF,3 - 13
Res-108,9320,EREMB,KLUIZESTRAAT,1 - 15B / 4 - 8
Res-108,9320,EREMB,LEEUWERIKENLAAN,1 - 39 / 2 - 26
Res-108,9300,AALST,LOUIS CAMUSTRAAT,
Res-108,9300,AALST,OUDEN AARDEWEG,
Res-108,9300,AALST,OVERHAMMEDREEF,
Res-108,9300,AALST,OVERHAMMEKOUTER,
Res-158,9320,EREMB,BERTHA DEDEKENLAAN,
Res-158,9320,EREMB,FAZANTENLAAN,1A - 41 / 2 - 38
Res-158,9320,EREMB,FONTEINBOS,
Res-158,9320,EREMB,HAGEVELD,
Res-158,9320,EREMB,HEKELGEMSTRAAT,
Res-158,9320,EREMB,JAGERSHOEK,47 - 187 / 48 - 216
Res-158,9320,EREMB,KLUIZERIJ,
Res-158,9320,EREMB,KLUIZESTRAAT,17 - 23 / 18 - 36
Res-158,9320,EREMB,LIJSTERBESSTRAAT,
Res-158,9320,EREMB,PATER RASSCHAERTLAAN,
Res-158,9320,EREMB,RIETSTRAAT,1A - 69 / 2 - 52 / 12 - 16
Res-158,9320,EREMB,STIJN STREUVELSSTRAAT,21 - 53 / 10 - 58 / 1 - 19
Res-158,9320,EREMB,VOGELENZANG,
Res-158,9320,EREMB,VOSHOLLEWEG,
Res-109,9320,EREMB,BOONHOFSTRAAT,
Res-109,9320,EREMB,BRUSSELBAAN,93A - 135 / 74 - 110 / 137 - 153B
Res-109,9320,EREMB,HOGEWEG,5 - 143 / 10 - 136B / 30 - 77
Res-109,9320,EREMB,HOUTEN MOLENSTRAAT,
Res-109,9320,EREMB,KEMPKENSSTRAAT,
Res-109,9320,EREMB,KORTESTRAAT,3 - 23 / 2 - 14
Res-109,9320,EREMB,KROMME ELLEBOOGSTRAAT,1 - 43 / 2 - 36A / 38 - 54
Res-109,9320,EREMB,LEUVESTRAAT,37 - 95B / 2 - 140 / 3 - 69
Res-109,9320,EREMB,PAARDEPUT,
Res-109,9320,EREMB,PERENBOOMSTRAAT,
Res-109,9320,EREMB,RONSEVAALDREEF,
Res-109,9320,EREMB,RONSEVAALSTRAAT,
Res-109,9320,EREMB,STENEN MOLENSTRAAT,
Res-109,9320,EREMB,VAN DE VIJVERSTRAAT,
Res-159,9310,MELDE,ABDIJSTRAAT,
Res-159,9310,MELDE,AFFLIGEMDREEF,280 - 362 / 312 - 314
Res-159,9310,MELDE,DOMENTSTRAAT,
Res-159,9310,MELDE,EECKHOUTSTRAAT,
Res-159,9310,MELDE,GROTENDRIESSTRAAT,
Res-159,9310,MELDE,HORINGSTRAAT,
Res-159,9310,MELDE,HUYSEVELDSTRAAT,
Res-159,9310,MELDE,KEMPINNESTRAAT,
Res-159,9310,MELDE,KLEINDRIESSTRAAT,
Res-159,9310,MELDE,KOEWEIDEWEG,
Res-159,9310,MELDE,MEETERSSTRAAT,
Res-159,9310,MELDE,NEDERMOLENSTRAAT,41 - 91 / 36 - 136 / 32 - 34
Res-159,9310,MELDE,NIEVELDRIESWEG,
Res-159,9310,MELDE,NIEVELVELDWEG,
Res-159,9310,MELDE,PUTSTRAAT,1 - 175 / 4 - 118
Res-159,9310,MELDE,PUTVELDWEG,
Res-110,9300,AALST,AFFLIGEMDREEF,171 - 189 / 138 - 164 / 158 - 160A
Res-110,9310,MOORS,AFFLIGEMDREEF,195 - 195 / 184 - 188
Res-110,9300,AALST,DENNENBOOMSTRAAT,
Res-110,9300,AALST,HOF LEEUWERGEM,
Res-110,9320,EREMB,HOF SOMERGEM,55 - 63 / 82 - 82
Res-110,9300,AALST,HOF SOMERGEM,7 - 47 / 2 - 80
Res-110,9300,AALST,HYACINTHENSTRAAT,
Res-110,9300,AALST,IMMERZEELDREEF,
Res-110,9300,AALST,KLOOSTERWEG,9 - 55 / 34 - 86 / 26 - 49
Res-110,9300,AALST,LINTHOUT,
Res-110,9300,AALST,NEGEN DAGWAND,
Res-110,9300,AALST,POTAARDESTRAAT,1 - 9 / 2 - 10
Res-110,9300,AALST,PUTBOSSTRAAT,
Res-110,9300,AALST,RERUM NOVARUMSTRAAT,
Res-110,9300,AALST,SCHIETBAAN,
Res-110,9300,AALST,SLEEDOORN,
Res-110,9300,AALST,SNOEKSTRAAT,
Res-110,9300,AALST,ZANDBERG,
Res-160,9310,MELDE,BISSCHOPWEG,
Res-160,9310,BAARD,BOSSTRAAT,1 - 11 / 2 - 10
Res-160,9310,BAARD,EUROPASTRAAT,63 - 99 / 54 - 78 / 80 - 84
Res-160,9310,MELDE,FALUINTJESSTRAAT,
Res-160,9310,MELDE,GOOSENBROECK,
Res-160,9310,MELDE,HUIZEKENSSTRAAT,
Res-160,9310,MELDE,LANGEWEG,
Res-160,9310,MELDE,LOCHTEVELDWEG,
Res-160,9310,MELDE,MAALDERSHOFSTRAAT,
Res-160,9310,MELDE,MELDERT-DORP,
Res-160,9310,MELDE,MEYSBERG,1 - 1
Res-160,9310,BAARD,MEYSBERG,3 - 3 / 2 - 6
Res-160,9310,MELDE,MUTSEREELSTRAAT,
Res-160,9310,MELDE,NEDERMOLENSTRAAT,1 - 17 / 2 - 2 / 12 - 20
Res-160,9310,MELDE,PARIJSSTRAAT,
Res-160,9310,BAARD,PETRONELLABERG,11 - 11 / 2 - 4
Res-160,9310,MELDE,PETRONELLABERG,7 - 29 / 17 - 19
Res-160,9310,MELDE,STEVENSVELDSTRAAT,
Res-160,9310,MELDE,VOSSENSHOFWEG,
Res-160,9310,MELDE,ZWANEVELDWEG,
Res-111,9308,HOFST,ANJERSSTRAAT,
Res-111,9308,HOFST,BEEKPAD,
Res-111,9308,HOFST,BIESTSTRAAT,
Res-111,9308,HOFST,BOSSELINGEN,1 - 3
Res-111,9308,HOFST,DENDERMONDE STEENWEG OP,1 - 81 / 2 - 44 / 63-65 - 63-65
Res-111,9308,HOFST,HEKKESTRAAT,11 - 23A / 4 - 12B / 8 - 10
Res-111,9308,HOFST,HOF TE WACHENENSTRAAT,
Res-111,9308,HOFST,HOOGSTRAAT,91 - 125 / 36 - 138 / 41 - 89
Res-111,9308,HOFST,KAREL VAN DER SLOTENSTRAAT,3 - 39 / 2 - 70
Res-111,9308,HOFST,KASTEELSTRAAT,1 - 51 / 2 - 62
Res-111,9308,HOFST,KOSTERIJKEN,
Res-111,9308,HOFST,KROKUSSTRAAT,
Res-111,9308,HOFST,KUIPERSSTRAAT,41 - 49 / 2 - 56 / 1B - 39
Res-111,9308,HOFST,MOTTANTSTRAAT,
Res-111,9308,HOFST,WACHENEVELD,
Res-111,9308,HOFST,WEYVELT,
Res-111,9308,HOFST,ZIJPSTRAAT,34 - 34
Res-161,9310,BAARD,BAARDEGEM-DORP,
Res-161,9310,BAARD,BIESEWEIDE,
Res-161,9310,BAARD,BLOKVELDSTRAAT,
Res-161,9310,BAARD,BOSSTRAAT,23 - 23
Res-161,9310,BAARD,ELDERBERGSTRAAT,
Res-161,9310,BAARD,EUROPASTRAAT,1 - 61 / 2 - 44 / 46 - 48
Res-161,9310,BAARD,HOUWELGAT,
Res-161,9310,MELDE,KAMMENKOUTERSTRAAT,18 - 80 / 19 - 59
Res-161,9310,BAARD,MARGRIETSTRAAT,3 - 45 / 4 - 60B / 1 - 1
Res-161,9310,BAARD,MECHELSEWEG,
Res-161,9310,BAARD,RAMPELBERG,39 - 105A / 6 - 122 / 11 - 125
Res-161,9310,BAARD,SCHERPENHEUVELSTRAAT,
Res-161,9310,BAARD,SCHIPPERSWEG,
Res-161,9310,BAARD,TORENSTRAAT,
Res-161,9310,BAARD,WINNINGSTRAAT,
Res-161,9310,BAARD,ZWANENNESTSTRAAT,
Res-112,9310,MOORS,ABRAHAMSWEG,
Res-112,9310,MELDE,AFFLIGEMDREEF,218 - 250
Res-112,9310,MOORS,ASSERENBOSWEG,
Res-112,9310,MOORS,BARON DE MEERSTRAAT,
Res-112,9310,MOORS,BERGSKEN,
Res-112,9310,MOORS,CISWEG,
Res-112,9310,MOORS,CORENTEWEG,
Res-112,9310,MOORS,DOCTOORSTRAAT,
Res-112,9310,MOORS,ELZENWEG,
Res-112,9310,MOORS,GENEVERWEG,
Res-112,9310,MOORS,KAALBERGSTRAAT,2A - 14
Res-112,9310,MOORS,KAPITTELSTRAAT,3 - 77 / 2 - 88 / 32 - 70
Res-112,9310,MOORS,KOEBRUGSTRAAT,1 - 63 / 2 - 60
Res-112,9310,MOORS,LAND VAN AALSTSTRAAT,
Res-112,9310,MOORS,MOORSEL-DORP,15 - 15 / 14 - 16 / 1 - 21
Res-112,9310,MOORS,PACHTING,
Res-112,9310,MOORS,TINDEWEG,
Res-112,9310,MELDE,WAVERSTRAAT,171 - 181
Res-112,9310,MOORS,WAVERSTRAAT,33 - 161 / 16B - 112 / 113 - 157
Res-112,9310,MOORS,ZANDBEEKWEG,
Res-112,9310,MOORS,ZEKENSWEG,
Res-162,9310,BAARD,CASSESTRAAT,
Res-162,9310,BAARD,EERDEGEMSTRAAT,1 - 75 / 2 - 88 / 40 - 42
Res-162,9310,MOORS,EERDEGEMSTRAAT,90 - 94
Res-162,9310,MOORS,HEIDEBOSSTRAAT,59 - 73 / 68 - 76
Res-162,9310,BAARD,JAN FRANS VONCKSTRAAT,
Res-162,9310,MOORS,LIEVEVROUWSTRAAT,
Res-162,9310,BAARD,MARGRIETSTRAAT,47 - 93 / 62 - 92
Res-162,9310,BAARD,MELKSPINDE,
Res-162,9310,MOORS,MEVROUWENBOSWEG,
Res-162,9310,BAARD,OPWIJKSTRAAT,
Res-162,9310,BAARD,RAMPELBERG,129 - 167 / 124 - 124 / 126 - 158
Res-162,9310,MOORS,ROYENBOSWEG,
Res-162,9310,BAARD,SCHUURKEN,
Res-162,9310,BAARD,SEEPSCHERF,
Res-162,9310,BAARD,SPOORSTRAAT,
Res-162,9310,MOORS,SPRUITHOEKSTRAAT,
Res-162,9310,MOORS,TERHAGENSTRAAT,
Res-162,9310,MOORS,VARENTWEG,
Res-162,9310,BAARD,VELDEKEN,1 - 9 / 4 - 10
Res-113,9310,MOORS,BERGGOUW,
Res-113,9310,MOORS,BEUKENNOTENBOSSTRAAT,
Res-113,9310,MOORS,BOEKVELDBAAN,35 - 35 / 34A - 40 / 33 - 33
Res-113,9310,MOORS,EXTERKENSTRAAT,1 - 29 / 2 - 56 / 7 - 13
Res-113,9310,MOORS,GEENSBEEKSTRAAT,
Res-113,9310,MOORS,GEVERGEMVELDBAAN,
Res-113,9310,MOORS,GIERLASTRAAT,
Res-113,9310,MOORS,HEIDEBOSSTRAAT,1 - 57 / 34 - 62 / 4 - 48
Res-113,9310,MOORS,HERBERGSTRAAT,1 - 5A / 2 - 20
Res-113,9310,MOORS,HOLLESTRAAT,1 - 91 / 2A - 78 / 2 - 12
Res-113,9310,MOORS,KAPELLEWEG,
Res-113,9310,MOORS,KOKSTRAAT,
Res-113,9310,MOORS,KONIJNAARDEWEG,
Res-113,9310,MOORS,KORTENBOSDRIES,1 - 31A / 2 - 34C
Res-113,9310,MOORS,KWEZELSWEG,
Res-113,9310,MOORS,LEIREKENSTRAAT,
Res-113,9310,MOORS,NIEUWMOLENSTRAAT,
Res-113,9310,MOORS,PERREKOUTERBAAN,
Res-113,9310,MOORS,RAVENAKKERSTRAAT,
Res-113,9310,MOORS,STEVEN,2 - 8
Res-113,9310,MOORS,VAN DER NOOTSTRAAT,
Res-163,9310,MOORS,BOEKVELDBAAN,37 - 57 / 42 - 42
Res-163,9310,MOORS,FORTWEG,
Res-163,9310,HERDE,HARDINGSTRAAT,1 - 23 / 2 - 46
Res-163,9310,MOORS,HAVERENBOSWEG,
Res-163,9310,MOORS,HERBERGSTRAAT,7A - 17 / 22 - 30
Res-163,9310,MOORS,HERENBERGDREEF,
Res-163,9310,MOORS,HOEKSKENSTRAAT,
Res-163,9310,MOORS,HOUTENKRUISSTRAAT,
Res-163,9310,MOORS,KEIMOLEN,
Res-163,9310,HERDE,KLAUSSTRAAT,
Res-163,9310,HERDE,KOEKEROEL,
Res-163,9310,MOORS,KORTE TRIESTSTRAAT,
Res-163,9310,MOORS,KRUISABEELSTRAAT,
Res-163,9310,HERDE,MONNIKENHOFBAAN,
Res-163,9310,HERDE,OUDENHOFBAAN,3 - 3 / 2 - 2
Res-163,9310,MOORS,PLOEGSTRAAT,
Res-163,9310,HERDE,PONTWEG,1 - 79 / 2 - 8 / 10 - 52
Res-163,9310,HERDE,POPULIERESTRAAT,
Res-163,9310,HERDE,SCHROVERSTRAAT,
Res-163,9310,MOORS,STEVEN,1 - 45 / 8A - 24 / 31 - 33
Res-163,9310,MOORS,TINNENHOEKSTRAAT,
Res-163,9310,MOORS,TRIESTSTRAAT,
Res-163,9310,MOORS,ZWARTSTRAAT,
Res-114,9310,MOORS,ACHTZALIGHEDEN,
Res-114,9310,MOORS,AVOUÉSTRAAT,
Res-114,9310,MOORS,BAAIKENSVELDWEG,
Res-114,9310,MOORS,BERLINDISWEG,
Res-114,9310,MOORS,BEUGEMSTRAAT,
Res-114,9310,MOORS,BIESEBROEKWEG,
Res-114,9310,MOORS,BLOEMENVELDSTRAAT,
Res-114,9310,MOORS,BOEKVELDBAAN,1 - 31 / 4 - 34
Res-114,9310,MOORS,DRESSELWEG,
Res-114,9310,MOORS,FIJFELWEG,
Res-114,9310,MOORS,GARDEBAAN,
Res-114,9310,MOORS,KAALBERGSTRAAT,3A - 11
Res-114,9310,MOORS,KATTENBROEKSTRAAT,
Res-114,9310,MOORS,KLOOSTERSTRAAT,27 - 27 / 2 - 36 / 1A - 39
Res-114,9310,MOORS,KONING ALBERTSTRAAT,
Res-114,9310,MOORS,KORTENBOSDRIES,45 - 59 / 36 - 54 / 33 - 51
Res-114,9310,MOORS,MOORSEL-DORP,6 - 9
Res-114,9310,MOORS,OPWIJKSE STEENWEG,1 - 21 / 12 - 16 / 4 - 10C
Res-114,9310,MOORS,RAYMOND UYTTERSPROTSTRAAT,
Res-114,9310,MOORS,RIJGERSTRAAT,
Res-114,9300,AALST,ROZENDREEF,396 - 396
Res-114,9310,MOORS,WAVERSTRAAT,2B - 16 / 1 - 25
Res-114,9310,MOORS,WEVERSWEG,
Res-164,9310,HERDE,AARTSTRAAT,
Res-164,9310,HERDE,ALFONS DE COCKSTRAAT,
Res-164,9310,HERDE,BAATMEERS,
Res-164,9310,HERDE,DISGENAATDREEF,
Res-164,9310,HERDE,GROTE BAAN,165A - 317 / 94 - 300A / 89 - 236
Res-164,9310,HERDE,HARDINGSTRAAT,25 - 33 / 48 - 64
Res-164,9310,HERDE,HENRI MOENSSTRAAT,
Res-164,9310,HERDE,HERDERSEM-DORP,
Res-164,9310,HERDE,HOF TER HAMMESTRAAT,2 - 2
Res-164,9310,HERDE,KOUTERBAAN,2 - 34 / 1 - 13
Res-164,9310,HERDE,LANDWEG,1 - 1 / 4 - 6
Res-164,9310,HERDE,MEIVISSTRAAT,
Res-164,9310,HERDE,OUDE PASTORIJWEGEL,
Res-164,9308,GIJZE,ROLAND MONTEYNESTRAAT,11 - 27 / 12 - 38
Res-164,9310,HERDE,ROLAND MONTEYNESTRAAT,39 - 39
Res-164,9310,HERDE,SAS-BAAN,
Res-164,9310,HERDE,VLASSTRAAT,
Res-164,9310,HERDE,WITGERSTRAAT,
Res-115,9308,HOFST,ALDEGONDISSTRAAT,
Res-115,9308,HOFST,BABBELAARSTRAAT,
Res-115,9308,HOFST,BRULKEN,
Res-115,9308,GIJZE,DRAPSTRAAT,1 - 13
Res-115,9308,HOFST,HEERLIJKHEIDSTRAAT,
Res-115,9308,HOFST,HOF TE VIERENSTRAAT,
Res-115,9308,HOFST,HUISEBAAN,
Res-115,9308,HOFST,HUIVERSPUTBAAN,
Res-115,9308,HOFST,KAMDRIESSTRAAT,
Res-115,9308,HOFST,KAREL VAN DER SLOTENSTRAAT,43 - 93 / 74 - 148
Res-115,9308,HOFST,KUIPERSSTRAAT,53 - 83 / 82A - 100 / 58 - 82
Res-115,9308,HOFST,MAURITS DE SMETSTRAAT,
Res-115,9308,HOFST,NEKKERSWEG,
Res-115,9308,HOFST,NOENSTRAAT,9 - 15 / 38 - 54-56
Res-115,9308,HOFST,OVERBROEKSTRAAT,
Res-115,9308,HOFST,REUTELAARSTRAAT,
Res-115,9308,HOFST,VONDELBEEKSTRAAT,
Res-115,9308,HOFST,ZAKSTRAAT,
Res-115,9308,HOFST,ZIJPSTRAAT,51 - 133 / 44 - 130 / 54 - 110
Res-165,9308,GIJZE,ANSMEERWEG,
Res-165,9308,GIJZE,BEEKWEG,
Res-165,9308,GIJZE,DAMKOUTERBAAN,
Res-165,9308,GIJZE,DOKTER DE COCKSTRAAT,
Res-165,9308,GIJZE,DRAPSTRAAT,15 - 85 / 2 - 64
Res-165,9308,GIJZE,FATIMAWIJK,
Res-165,9308,GIJZE,GRAVIN DE ROBIANOSTRAAT,
Res-165,9308,GIJZE,HAYNEHOF,
Res-165,9308,GIJZE,IJSBROEKSTRAAT,
Res-165,9308,GIJZE,KRUISSTRAAT,1 - 51 / 2 - 38
Res-165,9308,GIJZE,LANGEHAAGSTRAAT,43 - 53 / 46 - 56
Res-165,9308,GIJZE,MUNTSTRAAT,
Res-165,9308,GIJZE,NEERHOFLAAN,31 - 55 / 40 - 50
Res-165,9308,GIJZE,NIJVERHEIDSLAAN,2 - 8
Res-165,9308,HOFST,NIJVERHEIDSLAAN,12 - 12 / 10 - 10
Res-165,9308,GIJZE,PACHTHOFSTRAAT,1A - 177 / 2A - 138 / 62 - 114
Res-165,9308,GIJZE,SPOORWEGSTRAAT,1 - 9
Res-165,9308,GIJZE,STEENWEG NAAR OUDEGEM,141 - 179 / 108 - 142
Res-165,9308,GIJZE,WATERSTRAAT,
Res-116,9308,HOFST,AALST STEENWEG OP,7 - 217 / 12 - 140 / 120 - 124
Res-116,9308,HOFST,BERGWEG,11 - 11 / 8 - 40 / 25 - 48
Res-116,9308,HOFST,BLEKTESTRAAT,1 - 61 / 2 - 82
Res-116,9308,HOFST,DE NAEYERSTRAAT,
Res-116,9308,HOFST,DOORSTEEKLAAN,
Res-116,9308,HOFST,GOOIKENSTRAAT,
Res-116,9308,HOFST,HENDRIK CONSCIENCESTRAAT,
Res-116,9308,HOFST,HOFMEERS,
Res-116,9308,HOFST,HOUTZAGERIJSTRAAT,
Res-116,9308,HOFST,KAMMENSTRAAT,
Res-116,9308,HOFST,KONIJNENBERG,
Res-116,9308,HOFST,MOLENKOUTERSTRAAT,
Res-116,9308,HOFST,ROZENSTRAAT,1 - 17 / 2A - 32
Res-166,9308,HOFST,ALVERENBERGBAAN,
Res-166,9308,HOFST,BOSSELINGEN,5 - 7B
Res-166,9308,GIJZE,BUNDELWEESTRAAT,
Res-166,9308,GIJZE,DEKKERSWEG,
Res-166,9308,HOFST,DENDERMONDE STEENWEG OP,83A - 147 / 46 - 134 / 149 - 157
Res-166,9308,GIJZE,DENDERWEG,5 - 107 / 2 - 102
Res-166,9308,HOFST,HEKKESTRAAT,51 - 85 / 14-14A - 42 / 22 - 49
Res-166,9308,HOFST,KATELIJNESTRAAT,
Res-166,9308,HOFST,KONINGSHOFBAAN,
Res-166,9308,GIJZE,LANGEHAAGSTRAAT,1 - 39 / 4 - 42
Res-166,9308,GIJZE,LEGEWEG,
Res-166,9308,GIJZE,MANNAERTWEG,
Res-166,9308,GIJZE,MEIRBEEKSTRAAT,
Res-166,9308,HOFST,NEDERHASE,
Res-166,9308,HOFST,SPUIMEERSENWEG,
Res-166,9308,GIJZE,STEENWEG NAAR OUDEGEM,1 - 131 / 4 - 102
Res-117,9308,HOFST,AALST STEENWEG OP,1 - 3 / 2 - 10
Res-117,9308,HOFST,BERGWEG,1 - 9 / 6A - 6A / 2 - 6
Res-117,9308,HOFST,BLEKTESTRAAT,69 - 97 / 88 - 152 / 73 - 77B
Res-117,9308,HOFST,BROKENLOCHTINGBAAN,
Res-117,9308,HOFST,DORIKSVELD,
Res-117,9308,HOFST,HOFSTADE-DORP,
Res-117,9308,HOFST,HOOGSTRAAT,3 - 39 / 2 - 30
Res-117,9308,HOFST,KORTENHOEKSTRAAT,
Res-117,9308,HOFST,LINDEVELD,
Res-117,9308,HOFST,LINDEVELDSTRAAT,
Res-117,9308,HOFST,NOENSTRAAT,1 - 7A / 2 - 8
Res-117,9308,HOFST,PENNEBAAN,
Res-117,9308,HOFST,ROZENSTRAAT,2 - 2
Res-117,9308,HOFST,STEENBERGSTRAAT,
Res-117,9308,HOFST,TORENSVELD,
Res-117,9308,HOFST,VIJVERSTRAAT,1-1A - 31 / 2 - 12
Res-117,9308,HOFST,ZIJPSTRAAT,1 - 49 / 2 - 42 / 20 - 32
Res-167,9308,GIJZE,BERKENLAAN,1 - 81 / 2 - 106
Res-167,9308,GIJZE,DIJKWEG,
Res-167,9308,GIJZE,EERSTE BOCHTWEG,
Res-167,9308,GIJZE,ESSENLAAN,
Res-167,9308,GIJZE,GIJZEGEM-DORP,
Res-167,9308,GIJZE,KRUISSTRAAT,53 - 97 / 38B - 70
Res-167,9308,GIJZE,MEERSSTRAAT,
Res-167,9308,GIJZE,MEIRWEG,
Res-167,9308,GIJZE,MIMOSASTRAAT,
Res-167,9308,GIJZE,MOLENHOEKWEG,
Res-167,9308,GIJZE,NEERHOFLAAN,1 - 27 / 2 - 28
Res-167,9308,GIJZE,OSSEWEILAAN,
Res-167,9308,GIJZE,PACHTHOFSTRAAT,1 - 1
Res-167,9308,GIJZE,ROLAND MONTEYNESTRAAT,1 - 9A / 2 - 10
Res-167,9308,GIJZE,STEENWEG NAAR OUDEGEM,135 - 231 / 148 - 244
Res-167,9308,GIJZE,VEREECKENSTRAAT,
Res-201,9420,MERE,BOCHT,
Res-201,9420,MERE,CAUWENBERGSTRAAT,
Res-201,9420,MERE,DAALBROEK,11 - 23 / 2 - 10
Res-201,9420,MERE,DAALSTRAAT,51 - 93 / 10 - 94
Res-201,9420,MERE,DREEF,1 - 21 / 2 - 22
Res-201,9420,MERE,GLAZENTORENWEG,
Res-201,9420,MERE,GROENDAL,25 - 31 / 1 - 76
Res-201,9420,MERE,HAGENSTRAAT,
Res-201,9420,MERE,KERKHOFSTRAAT,13 - 25 / 26 - 42 / 2 - 20
Res-201,9420,MERE,KERKVELDSTRAAT,47 - 97 / 28 - 82
Res-201,9420,MERE,KLEINE STEENSTRAAT,
Res-201,9420,MERE,KRUISSTRAAT,3 - 13 / 8 - 16
Res-201,9420,MERE,MERELPUTSTRAAT,1 - 5
Res-201,9420,MERE,OMMEGANGSTRAAT,5 - 75 / 2 - 72
Res-201,9420,MERE,STEENSTRAAT,1 - 117 / 6 - 118
Res-251,9420,EROND,BINNENSTRAAT,1 - 29 / 2 - 14
Res-251,9420,EROND,BLOEMENSTRAAT,
Res-251,9420,EROND,GANZENDRIES,
Res-251,9420,EROND,GENTSESTEENWEG,345 - 535 / 362B - 518 / 480 - 486
Res-251,9420,EROND,HEMELVELDDREEF,
Res-251,9420,EROND,HOEKSTRAAT,1 - 15 / 2 - 34 / 19 - 30
Res-251,9420,EROND,IMPESTRAAT,
Res-251,9420,EROND,KOKELAAR,
Res-251,9420,EROND,KONINGSDRIES,1A - 41A / 2 - 36
Res-251,9420,EROND,KUILSTRAAT,
Res-251,9420,EROND,LINDESTRAAT,1 - 17 / 4 - 6 / 10 - 12
Res-202,9420,ERPE,GENTSESTEENWEG,1 - 27 / 4 - 44A-44B
Res-202,9420,ERPE,GROENSTRAAT,1 - 81 / 2 - 28
Res-202,9420,ERPE,HERSINKSTRAAT,
Res-202,9420,ERPE,HET LEEN,
Res-202,9420,ERPE,HOEKSKEN,
Res-202,9420,ERPE,HONEGEMMEERSWEG,
Res-202,9420,ERPE,HONEGEMSTRAAT,
Res-202,9420,ERPE,KANTSTRAAT,
Res-202,9420,ERPE,KATTELINNESTRAAT,
Res-202,9420,ERPE,LEEDSESTEENWEG,
Res-202,9420,ERPE,MEIBOOMWEG,
Res-202,9420,ERPE,MOLENSTRAAT,1 - 15 / 2 - 36
Res-202,9420,ERPE,MOLENWEG,
Res-202,9420,ERPE,NEERVELDSTRAAT,
Res-202,9420,ERPE,PRIESTER DAENSSTRAAT,
Res-202,9420,ERPE,SINT APOLLONIASTRAAT,
Res-202,9420,ERPE,VIJFHUIZEN,
Res-202,9420,ERPE,ZIJPWEGEL,
Res-252,9420,EROND,DOKKESTRAAT,
Res-252,9420,ERPE,INDUSTRIEWEG,
Res-252,9420,ERPE,JOSEPH CARDIJNSTRAAT,
Res-252,9420,MERE,KEERSTRAAT,1 - 1 / 4 - 10
Res-252,9420,VLEKK,KEERSTRAAT,239 - 255 / 236 - 236
Res-252,9420,OTTER,KEERSTRAAT,47 - 229 / 48 - 232 / 127 - 190
Res-252,9420,OTTER,KONINGSDRIES,76 - 80
Res-252,9420,OTTER,LAPUTSTRAAT,
Res-252,9420,VLEKK,MEIWEG,
Res-252,9420,OTTER,OTTERGEMDORP,
Res-252,9420,VLEKK,PAARDESTRAAT,
Res-252,9420,OTTER,PERRESTRAAT,
Res-252,9420,OTTER,RIJKHOFSTRAAT,5 - 51 / 8 - 58
Res-252,9420,EROND,RIJKHOFSTRAAT,81 - 89 / 78 - 84
Res-252,9420,OTTER,RUSTSTRAAT,
Res-252,9420,OTTER,SESKENSKOUTER,
Res-252,9420,OTTER,VISSENSTRAAT,
Res-252,9420,VLEKK,VLEKKEMDORP,
Res-252,9420,VLEKK,VOISTRAAT,
Res-252,9420,VLEKK,WINDMOLENSTRAAT,1 - 31 / 10 - 42
Res-203,9420,ERPE,ALLEMANSBOS,
Res-203,9420,ERPE,BOTERMELKSTRAAT,5 - 117 / 4 - 104
Res-203,9420,ERPE,DORPSSTRAAT,75 - 261 / 92 - 280
Res-203,9420,ERPE,EEGDEKEN,1 - 18
Res-203,9420,ERPE,GENTSESTEENWEG,43 - 189 / 48 - 198B
Res-203,9420,ERPE,GROTE ZADELWEG,
Res-203,9420,ERPE,KOEBRUGSTRAAT,7 - 7 / 4 - 16
Res-203,9420,ERPE,OUDE HEERBAAN,1A - 55 / 44 - 50 / 8 - 28
Res-203,9420,ERPE,OUDENAARDSESTEENWEG,1 - 21 / 4 - 54 / 8 - 36-38
Res-203,9420,ERPE,ZEELDRAAIERSTRAAT,7 - 7
Res-203,9420,ERPE,ZONNEVELDSTRAAT,
Res-253,9420,BAMBR,BROEKKOUTER,
Res-253,9420,BAMBR,EGEMSTRAAT,1 - 105 / 2 - 122 / 86 - 98
Res-253,9420,OTTER,EGEMSTRAAT,124 - 126
Res-253,9420,BAMBR,EVERDAL,
Res-253,9420,BAMBR,KATSTRAAT,
Res-253,9420,BAMBR,LINDEKOUTER,5 - 13 / 2 - 20 / 14 - 14
Res-253,9420,MERE,OUDENAARDSESTEENWEG,395 - 471 / 358 - 458 / 359 - 480
Res-253,9420,BAMBR,OUDENAARDSESTEENWEG,491 - 577 / 456 - 596 / 500 - 576
Res-253,9420,BAMBR,PRINSDAAL,61 - 175 / 70 - 124 / 78 - 127
Res-253,9420,BAMBR,PRINSDAALHOF,
Res-253,9420,BAMBR,WINDMOLENSTRAAT,71 - 77 / 72 - 72
Res-204,9420,ERPE,BOSKOUTERSTRAAT,
Res-204,9420,ERPE,BOSKOUTERSTRAATJE,
Res-204,9420,ERPE,BOSSESTRAAT,
Res-204,9420,ERPE,DOKTER GERMAAN DE VOSSTRAAT,
Res-204,9420,ERPE,EENHOORNWEG,
Res-204,9420,ERPE,GENTSESTEENWEG,191 - 263 / 200 - 290
Res-204,9420,ERPE,GROTE GENTWEG,
Res-204,9420,ERPE,HAMMERSWEG,
Res-204,9420,ERPE,JOZEF DE SOMERLAAN,
Res-204,9420,ERPE,KAMMELANDSTRAAT,
Res-204,9420,ERPE,KLEINE GENTWEG,
Res-204,9420,ERPE,KLEINE STEENWEG,
Res-204,9420,ERPE,KOUTERBOSSTRAAT,
Res-204,9420,ERPE,KREVELHOEK,
Res-204,9420,ERPE,KROMGRACHTSTRAAT,
Res-204,9420,ERPE,NERENBROEKSTRAAT,
Res-204,9420,ERPE,PUTSTRAAT,1 - 51 / 10 - 10 / 53 - 61
Res-204,9420,ERPE,ZEVEKOOTSTRAAT,109 - 153 / 106 - 150
Res-254,9420,EROND,AZALEASTRAAT,
Res-254,9420,EROND,BOVENWEG,
Res-254,9420,EROND,EKSTERBERG,
Res-254,9420,EROND,ERONDEGEMDORP,
Res-254,9420,ERPE,ERONDEGEMKOUTERWEG,
Res-254,9420,ERPE,GENTSESTEENWEG,289 - 325 / 324 - 340
Res-254,9420,EROND,GENTSESTEENWEG,329 - 343 / 346 - 358
Res-254,9420,EROND,HALFBUNDER,47 - 75 / 56 - 74
Res-254,9420,ERPE,HALFBUNDER,5 - 45 / 2 - 50
Res-254,9420,EROND,HOOGSTRAAT,1 - 107 / 6 - 100
Res-254,9420,EROND,KAPELHOFSTRAAT,
Res-254,9420,EROND,KORTE NIEUWSTRAAT,1 - 5 / 2 - 4
Res-254,9420,EROND,KOUTERSTRAAT,7 - 29 / 2 - 56
Res-254,9420,ERPE,KRAAINESTSTRAAT,99 - 117 / 100 - 120
Res-254,9420,ERPE,KRUISKENSSTRAAT,
Res-254,9420,EROND,LANGE NIEUWSTRAAT,
Res-254,9420,ERPE,LEDEWEG,
Res-254,9420,EROND,LEIREKENSWEG,
Res-254,9420,EROND,LELIESTRAAT,1 - 11 / 2 - 12
Res-254,9420,ERPE,MARTELAARSWEG,1 - 3
Res-254,9420,EROND,MARTELAARSWEG,4 - 10
Res-254,9420,EROND,OVERIMPESTRAAT,
Res-254,9420,EROND,ROZENSTRAAT,2 - 16
Res-254,9420,EROND,SINT HUBERTUSWEG,
Res-254,9420,EROND,ZANDSTRAAT,
Res-205,9420,ERPE,DORPSSTRAAT,3 - 69 / 20 - 90
Res-205,9420,ERPE,DUINAARTWEG,
Res-205,9420,ERPE,ERPEDORP,
Res-205,9420,ERPE,HOOGKOUTERWEG,
Res-205,9420,ERPE,KLEINE OMMEGANGWEG,
Res-205,9420,ERPE,KOEKHAMERSTRAATJE,
Res-205,9420,ERPE,KRAAINESTSTRAAT,3 - 97 / 2 - 92
Res-205,9420,ERPE,LANGE OMMEGANGSTRAAT,
Res-205,9420,ERPE,OUDENAARDSESTEENWEG,191 - 309 / 200 - 304 / 197 - 279
Res-205,9420,ERPE,ROOSEVELTLAAN,
Res-205,9420,ERPE,SCHONEGEM,
Res-205,9420,ERPE,ZEVEKOOTSTRAAT,1A - 107 / 2 - 102
Res-255,9420,BAMBR,BAMBRUGGEDORP,
Res-255,9420,BAMBR,DRIES,1 - 53 / 2 - 40 / 23 - 31
Res-255,9420,AAIGE,EETSVELDE,49 - 71 / 24 - 34
Res-255,9420,BAMBR,HOOLSTRAAT,1 - 25 / 16 - 16
Res-255,9420,AAIGE,HOOLSTRAAT,36 - 40
Res-255,9420,BAMBR,KWALESTRAAT,1 - 61 / 2 - 62
Res-255,9420,BAMBR,LANDSHEERSTRAAT,
Res-255,9420,BAMBR,LINDEKOUTER,41 - 59 / 30 - 66
Res-255,9420,BAMBR,OUDEBAAN,
Res-255,9420,BAMBR,OUDENAARDSESTEENWEG,583 - 759 / 606 - 750 / 688 - 736
Res-255,9420,BURST,OUDENAARDSESTEENWEG,767 - 767
Res-255,9420,BAMBR,PRINSDAAL,1 - 57 / 2 - 46
Res-255,9420,BAMBR,SINT-ANNASTRAAT,7 - 31 / 2 - 30
Res-255,9420,BAMBR,ZADELWEG,
Res-206,9420,MERE,BERGSTRAAT,3 - 57 / 2 - 70
Res-206,9420,MERE,DAALSTRAAT,1 - 45 / 2 - 50
Res-206,9420,ERPE,EDIKSVELDESTRAAT,
Res-206,9320,NIEUW,EDIXVELDE,139 - 169 / 120 - 146
Res-206,9420,MERE,GROENDAL,77 - 175
Res-206,9420,MERE,GROENEWEG,1 - 17 / 2 - 8
Res-206,9420,MERE,KERKVELDSTRAAT,1 - 29 / 10A - 26 / 2 - 8
Res-206,9420,MERE,KLOOSTERSTRAAT,1 - 91 / 2 - 118
Res-206,9420,MERE,MEREDORP,
Res-206,9420,ERPE,MERESTRAAT,1 - 87 / 2 - 100
Res-206,9420,MERE,NIEUWSTRAAT,1 - 25 / 2 - 28
Res-206,9420,MERE,PATRONAATSTRAAT,
Res-206,9420,MERE,SINT-BAVOWEG,
Res-206,9320,NIEUW,STREKSTRAAT,
Res-206,9420,MERE,VERENIGDE-NATIESSTRAAT,
Res-206,9420,MERE,VIJVERSTRAAT,7 - 55 / 2 - 58 / 38 - 42
Res-206,9320,NIEUW,VLIERBESSTRAAT,
Res-256,9420,BURST,BERKENWEG,
Res-256,9420,BURST,BIEZENSTRAAT,
Res-256,9420,BURST,DORENT,41 - 91 / 32 - 88 / 90 - 92
Res-256,9420,BURST,KRIELHOEK,
Res-256,9420,BURST,LANGEVELDSTRAAT,25 - 39 / 14 - 38
Res-256,9420,BURST,NINOVESTRAAT,1 - 33 / 2 - 38
Res-256,9420,BURST,OUDENDIJK,
Res-256,9420,BURST,PHILIPSWEGEL,
Res-256,9420,BURST,STATIONSPLEIN,1 - 1 / 2 - 26
Res-256,9420,BURST,STATIONSSTRAAT,7 - 7 / 2 - 2
Res-256,9420,BURST,STATIONSWEGEL,
Res-256,9420,BURST,STOKT,
Res-256,9420,BURST,STOKTERVELD,
Res-256,9420,BURST,TEN BOS,1 - 23 / 2 - 36
Res-256,9420,BURST,VELDSTRAAT,5 - 103 / 4 - 82 / 18 - 101
Res-256,9420,BURST,WILGENDREEF,
Res-207,9420,MERE,BAVOKOUTER,
Res-207,9420,MERE,BEEKKANTSTRAAT,1 - 5 / 16 - 32
Res-207,9420,MERE,BINNENWEG,
Res-207,9420,MERE,BOSSTRAAT,81 - 185 / 98 - 186A
Res-207,9420,ERPE,EVENBROEKVELD,
Res-207,9420,MERE,HOFKENSWEG,
Res-207,9420,MERE,HOLLANDSTRAAT,
Res-207,9420,MERE,KOUTERGATSTRAAT,
Res-207,9420,MERE,LOSKADESTRAAT,
Res-207,9420,MERE,MAGERSTRAAT,
Res-207,9420,MERE,NESTEVELDSTRAAT,
Res-207,9420,MERE,OTTERGEMSTRAAT,
Res-207,9420,ERPE,OUDENAARDSESTEENWEG,313 - 317 / 310 - 320
Res-207,9420,MERE,OUDENAARDSESTEENWEG,325 - 357 / 336 - 340
Res-207,9420,MERE,SPOORWEGSTRAAT,2 - 80
Res-207,9420,MERE,VONDELBRUG,
Res-257,9420,BURST,AKKERSTRAAT,
Res-257,9420,BURST,BIEKENSHOF,
Res-257,9420,BURST,BURSTDORP,
Res-257,9420,BURST,DORENT,5 - 31 / 22 - 26 / 4 - 16
Res-257,9420,BURST,FIERENSVELD,
Res-257,9420,BURST,GENTSESTRAAT,1 - 119 / 24 - 160
Res-257,9420,BURST,HEERBAAN,
Res-257,9420,BURST,KERKSTRAAT,3 - 33 / 2 - 28
Res-257,9420,BURST,KORTEVELDSTRAAT,
Res-257,9420,BURST,LANGEVELDSTRAAT,4 - 12
Res-257,9420,BURST,MOLENVELD,11 - 57 / 2 - 74
Res-257,9420,BURST,OUDENAARDSESTEENWEG,769 - 939 / 826 - 918
Res-257,9420,BURST,SINT-ELOOISHOF,
Res-257,9420,BURST,SINT-PIETERSSTRAAT,
Res-257,9420,BURST,TWEEKERKENSTRAAT,
Res-208,9420,MERE,ACHTERSTRAAT,
Res-208,9420,MERE,BEEKKANTSTRAAT,36 - 54-56
Res-208,9420,MERE,BEEKSTRAAT,1 - 153 / 2 - 160 / 34 - 138
Res-208,9420,MERE,BIEZEPUTSTRAAT,13 - 19 / 2 - 10
Res-208,9420,MERE,BLOKMANSTRAAT,
Res-208,9420,MERE,BOSSTRAAT,9 - 75 / 4 - 96
Res-208,9420,MERE,BROEKSTRAAT,9 - 33 / 2 - 42
Res-208,9420,MERE,DIEPESTRAAT,149 - 149 / 148 - 152
Res-208,9420,MERE,DOORSTEEKSTRAAT,1 - 43 / 2 - 28
Res-208,9420,AAIGE,DOORSTEEKSTRAAT,95 - 95
Res-208,9420,AAIGE,HAZELBEEK,51 - 51
Res-208,9420,MERE,KORTE STRAAT,
Res-208,9420,MERE,KRUISKOUTERSTRAAT,
Res-208,9420,MERE,LANGESTRAAT,3 - 11 / 2 - 54
Res-208,9420,MERE,MELKERIJSTRAAT,
Res-208,9420,MERE,NIJVERHEIDSSTRAAT,
Res-208,9420,MERE,OUDE BROEKSTRAAT,
Res-208,9420,MERE,SCHAPERSSTRAAT,
Res-208,9420,MERE,SCHEIDINGSSTRAAT,
Res-208,9420,ERPE,VISSER,20 - 24
Res-208,9420,MERE,VISSER,31 - 45 / 18 - 18 / 11 - 15
Res-208,9420,MERE,WILGENDRIES,
Res-258,9420,BURST,ALBERTSTRAAT,
Res-258,9420,AAIGE,BAARDEGEMSTRAAT,
Res-258,9420,BURST,DORENHOF,
Res-258,9420,BURST,EREMIETSTRAAT,
Res-258,9420,BURST,GROBBESTRAAT,
Res-258,9420,BURST,HAVERSTRAAT,
Res-258,9420,BURST,HOEFIJZERSTRAAT,
Res-258,9420,BURST,JAGERSPAD,
Res-258,9420,AAIGE,KWAKKEL,
Res-258,9420,BURST,LUSSTRAAT,
Res-258,9420,BURST,NIEUWENBOS,
Res-258,9420,BURST,NINOVESTRAAT,35 - 103 / 44 - 82 / 57 - 71
Res-258,9420,BURST,RUITERSTRAAT,
Res-258,9420,BURST,SINT MAARTENSSTRAAT,
Res-258,9420,BURST,SPELTKORENSTRAAT,
Res-258,9420,AAIGE,STATIONSSTRAAT,111 - 207 / 130 - 198 / 141 - 161
Res-258,9420,BURST,STATIONSSTRAAT,9 - 139 / 6 - 128
Res-258,9420,BURST,STROPERSWEG,
Res-209,9420,MERE,APPELSAKKER,
Res-209,9420,MERE,BIEZEPUTSTRAAT,83 - 83 / 88 - 90
Res-209,9420,MERE,BROEKVELDSTRAAT,1 - 121 / 46 - 98 / 100 - 114
Res-209,9420,MERE,DIEPESTRAAT,35 - 37 / 14 - 38
Res-209,9420,MERE,DUIVELSHOEK,
Res-209,9420,MERE,EDESTRAAT,3 - 129 / 4 - 126
Res-209,9420,MERE,GOOTSTRAAT,
Res-209,9420,MERE,GROENEWEG,220 - 260
Res-209,9420,MERE,JERUZALEMSTRAAT,3 - 187 / 2 - 70
Res-209,9420,MERE,KAPELLEVELDSTRAAT,
Res-209,9420,MERE,KAPITTELSTRAAT,15 - 41 / 4 - 34 / 30 - 32
Res-209,9420,MERE,KERKHOFSTRAAT,37 - 55 / 48 - 64
Res-209,9420,MERE,KLEINE KRUISKOUTER,
Res-209,9420,MERE,LOOFSTRAAT,
Res-209,9420,MERE,MERELPUTSTRAAT,17 - 67 / 6 - 40
Res-209,9420,MERE,OMMEGANGSTRAAT,79 - 97 / 80 - 114
Res-209,9420,MERE,OOSTDORPSTRAAT,
Res-209,9420,MERE,OOSTERVELDSTRAAT,
Res-209,9420,MERE,SCHOOLSTRAAT,1 - 97 / 18 - 98
Res-209,9420,MERE,STEVENSVELD,
Res-259,9420,AAIGE,ASHAGE,
Res-259,9420,AAIGE,DIKKELINDESTRAAT,
Res-259,9420,BAMBR,DRIES,59 - 99 / 44 - 92
Res-259,9420,AAIGE,EETSVELDE,1 - 41 / 6 - 22
Res-259,9420,MERE,GOTEGEMSTRAAT,1 - 229
Res-259,9450,HAALT,GOTEGEMSTRAAT,3 - 37 / 2 - 16
Res-259,9420,MERE,GOTEGEMVELD,
Res-259,9420,AAIGE,HAZELBEEK,5 - 11 / 18 - 68
Res-259,9420,AAIGE,KORTEMUNT,
Res-259,9420,AAIGE,LANDRIES,85 - 195 / 24 - 130
Res-259,9420,AAIGE,LANGEMUNT,5 - 195 / 26 - 192 / 37 - 102-104
Res-259,9420,AAIGE,LEVERSTRAAT,
Res-259,9420,AAIGE,OPAAIGEM,27 - 105 / 40 - 108 / 18 - 129
Res-259,9420,AAIGE,POPULIERENSTRAAT,
Res-259,9420,AAIGE,POTAARDESTRAAT,1 - 3 / 2 - 2
Res-259,9420,AAIGE,SPRINKEL,
Res-259,9420,MERE,TOPMOLENSTRAAT,
Res-210,9450,HAALT,BOSSTRAAT,1 - 151 / 52 - 92 / 12 - 50
Res-210,9450,HAALT,BREMTSTRAAT,158 - 200
Res-210,9450,HAALT,EDESTRAAT,47 - 199 / 28-30 - 172 / 2 - 124
Res-210,9450,HAALT,GROEBBEBAAN,
Res-210,9450,HAALT,GROENEWEG,20 - 68 / 2 - 58
Res-210,9450,HAALT,HAAGSTRAAT,
Res-210,9450,HAALT,HOOGLAREWEG,
Res-210,9450,HAALT,HUYTSTRAAT,1 - 45C / 2 - 66 / 22-24 - 67
Res-210,9450,HAALT,JERUZALEMSTRAAT,1 - 3 / 2 - 42 / 5 - 47
Res-210,9450,HAALT,KLOETENSTRAAT,
Res-210,9450,HAALT,KOUTERSTRAAT,1 - 25 / 2 - 42
Res-210,9450,HAALT,LARESTRAAT,
Res-210,9450,HAALT,VIJVERPUTSTRAAT,
Res-260,9420,AAIGE,AAIGEMBERGSTRAAT,
Res-260,9420,AAIGE,AAIGEMDORP,
Res-260,9420,AAIGE,AAIGEMDRIES,
Res-260,9420,AAIGE,DELESTRAAT,
Res-260,9420,AAIGE,D'HOEVE,
Res-260,9420,AAIGE,DRIEPIKKEL,
Res-260,9420,AAIGE,EEKHOUT,
Res-260,9420,AAIGE,ENGELSMOLEN,
Res-260,9420,AAIGE,FRANKROT,
Res-260,9420,AAIGE,GRIET,
Res-260,9420,AAIGE,HALLEWEG,
Res-260,9420,AAIGE,HOFVELDWEG,
Res-260,9420,AAIGE,HOLLESTRAAT,11 - 49 / 2 - 56
Res-260,9420,AAIGE,KOSTERWEG,
Res-260,9420,AAIGE,LAMMERSWEG,
Res-260,9420,AAIGE,LANDRIES,1 - 53 / 6 - 16 / 11 - 11
Res-260,9420,AAIGE,LANGEMUNT,1 - 3 / 4 - 4
Res-260,9420,AAIGE,OPAAIGEM,1 - 21 / 2A - 16
Res-260,9420,AAIGE,RATMOLENSTRAAT,
Res-260,9420,AAIGE,VIJVERAGE,
Res-260,9420,AAIGE,ZAKVELDWEG,
Res-211,9450,HAALT,BAKKERSTRAAT,35 - 45 / 34 - 38
Res-211,9450,HAALT,BRANTEGEMSTRAAT,1 - 13 / 4 - 10
Res-211,9450,HAALT,EKENTSTRAAT,75 - 119 / 62 - 114
Res-211,9450,HAALT,GOTEGEMSTRAAT,1B - 11
Res-211,9450,HAALT,HOEFSTRAAT,
Res-211,9450,HAALT,HOOGKOUTERBAAN,
Res-211,9450,HAALT,KAPITTELSTRAAT,1 - 13 / 2 - 18
Res-211,9450,HAALT,KEIBERG,
Res-211,9450,HAALT,LANGEHAAGSTRAAT,1 - 21 / 6 - 6
Res-211,9450,HAALT,PONTWEG,1 - 89 / 2 - 86
Res-211,9450,HAALT,ROSTHOUTWEG,
Res-211,9450,HAALT,'S GRAVENKERSELAAR,
Res-211,9450,HAALT,VORSINKBAAN,
Res-261,9450,DENDR,ADV. DE BACKERSTRAAT,
Res-261,9450,DENDR,BORREKENT,1 - 59 / 2 - 70
Res-261,9450,DENDR,DORP,51A - 93 / 60 - 102 / 30 - 78
Res-261,9450,DENDR,KRUISVELDSTRAAT,1 - 35 / 2 - 46
Res-261,9450,DENDR,MOLENSTRAAT,3 - 71 / 2 - 108 / 1A - 33
Res-261,9450,DENDR,PASTORIJWEG,
Res-261,9450,DENDR,RODE KRUISLAAN,
Res-261,9450,DENDR,TEERLINGSTRAAT,
Res-261,9450,DENDR,VONDELBAAN,
Res-212,9450,HAALT,ACHTERSTRAAT,
Res-212,9450,HAALT,BALJUWSWEG,
Res-212,9450,HAALT,BRUULSTRAAT,5 - 15 / 2 - 42
Res-212,9450,HAALT,BURCHTWEG,
Res-212,9450,HAALT,EKENTSTRAAT,1 - 63 / 2 - 58
Res-212,9450,HAALT,HOOGSTRAAT,1 - 29 / 24A - 24A / 2 - 22
Res-212,9450,HAALT,KATTESTRAAT,19A - 101 / 22 - 86 / 61 - 67
Res-212,9450,HAALT,MOLENMEERSEN,19 - 25
Res-212,9450,HAALT,PAPESTRAAT,10 - 12
Res-212,9450,HAALT,PLUIMSTRAAT,
Res-212,9450,HAALT,SINT-GORIKSPLEIN,
Res-212,9450,HAALT,STATIONSSTRAAT,1 - 9A / 2 - 8
Res-262,9450,HELDE,BERENHOEK,
Res-262,9450,HELDE,HELDERGEMSTRAAT,1 - 49 / 2 - 88 / 51 - 99
Res-262,9450,HELDE,HOGENDRIES,
Res-262,9451,KERKS,LANDLEDE,41 - 41
Res-262,9450,HELDE,LEISTRAAT,
Res-262,9450,DENDR,TERLICHT,159 - 197 / 152 - 166 / 124 - 128
Res-262,9450,HELDE,TERLICHT,211 - 277 / 170 - 282
Res-262,9451,KERKS,TERWARENTSTRAAT,
Res-262,9450,HELDE,VIJVERSTRAAT,1 - 17 / 2 - 18
Res-213,9450,HAALT,BINNENSTRAAT,1 - 33 / 2 - 24
Res-213,9450,HAALT,CHARLOTTEWEG,
Res-213,9450,HAALT,HERENTHOUTDREEF,
Res-213,9450,HAALT,KLEINE DRIES,
Res-213,9450,HAALT,KRAKEELSTRAAT,
Res-213,9450,HAALT,LANGDRIES,
Res-213,9450,HAALT,LIPPENSBEKWEG,
Res-213,9450,HAALT,NINOVESTRAAT,7 - 71 / 4 - 80 / 1 - 20
Res-213,9450,HAALT,PACHTERSTRAAT,
Res-213,9450,HAALT,STATIONSSTRAAT,37 - 205 / 50 - 220 / 148 - 216
Res-213,9450,HAALT,STATIONSSTRAAT 131,NOTARIS BAUWENS
Res-213,9450,HAALT,TERJODENDRIES,
Res-213,9450,HAALT,WILGENSTRAAT,
Res-213,9450,HAALT,ZWARTHAAR,
Res-263,9450,DENDR,ATOMVELDSTRAAT,
Res-263,9450,DENDR,DAAL,37 - 93 / 78 - 82 / 22A - 70
Res-263,9450,DENDR,EIGENSTRAAT,1 - 79 / 4 - 94
Res-263,9472,IDDER,HOOGSTRAAT,67 - 213 / 94 - 186 / 195 - 203A
Res-263,9450,DENDR,IDDERGEMSESTEENWEG,
Res-263,9472,IDDER,KLOOSTERSTRAAT,1 - 33 / 2 - 34 / 12 - 14A
Res-263,9472,IDDER,LELIESTRAAT,1 - 3 / 2 - 22
Res-263,9450,DENDR,MOLENSTRAAT,110 - 110
Res-263,9472,IDDER,RABATTEN,
Res-263,9450,DENDR,SCHOOLSTRAAT,1 - 47 / 2 - 52 / 5 - 25
Res-263,9450,DENDR,VLAMSTRAAT,
Res-263,9450,DENDR,ZONNESTRAAT,1 - 115
Res-214,9451,KERKS,BEEKSTRAAT,3 - 37 / 2 - 56
Res-214,9450,HAALT,BEERNAARDSTRAAT,1 - 13 / 2 - 16
Res-214,9451,KERKS,DEESKENSVELD,
Res-214,9451,KERKS,DRIEHOEKSTRAAT,1 - 113 / 2 - 100
Res-214,9451,KERKS,FERDINAND VAN HOEYMISSENSTRAAT,
Res-214,9451,KERKS,HOFSTRAAT,1B - 57 / 4 - 68
Res-214,9450,HAALT,HOLLESTRAAT,2 - 70
Res-214,9451,KERKS,HOLLESTRAAT,3 - 75
Res-214,9451,KERKS,KERKSKENDORP,
Res-214,9451,KERKS,KERKSKENVELD,
Res-214,9451,KERKS,KERKWEG,
Res-214,9451,KERKS,PLAATSSTRAAT,
Res-214,9451,KERKS,TERLICHT,1 - 19 / 2 - 22
Res-214,9451,KERKS,WOLVENSTRAAT,
Res-264,9451,KERKS,BEERNAARDSTRAAT,33 - 33 / 32 - 38
Res-264,9451,KERKS,BOEKENTSTRAAT,
Res-264,9450,HAALT,BRANTEGEMSTRAAT,21 - 21 / 20 - 54 / 27 - 49
Res-264,9451,KERKS,DRIEHOEKSTRAAT,67 - 75
Res-264,9450,HAALT,KREKELDRIES,
Res-264,9451,KERKS,LANDLEDE,1 - 37 / 8 - 28 / 4 - 50
Res-264,9451,KERKS,MOLENBAAN,
Res-264,9450,HAALT,MOSVELDSTRAAT,2 - 38
Res-264,9451,KERKS,MOSVELDSTRAAT,1 - 59
Res-264,9451,KERKS,PENNESTRAAT,
Res-264,9451,KERKS,RIJSTRAAT,
Res-264,9451,KERKS,TERLICHT,23 - 155 / 24 - 96 / 102 - 122
Res-264,9451,KERKS,WATERVOORSTRAAT,
Res-264,9451,KERKS,WINKELVELD,
Res-215,9450,HAALT,BAKKERSTRAAT,1 - 33 / 24 - 30 / 6 - 14
Res-215,9450,HAALT,BURG. EMILE DE SADELEERSTRAAT,
Res-215,9450,HAALT,EKENTSTRAAT,41 - 51D
Res-215,9450,HAALT,HOOGSTRAAT,33 - 143 / 58 - 142 / 24 - 155
Res-215,9450,HAALT,KERKSKENHOEK,
Res-215,9450,HAALT,MOLENMEERSEN,9 - 13 / 2 - 28
Res-215,9450,HAALT,MOLENVELD,1 - 53 / 4 - 52
Res-215,9451,KERKS,WIJNGAARDSTRAAT,1 - 29 / 2 - 36A
Res-215,9450,HAALT,WIJNGAARDSTRAAT,38 - 54 / 40 - 40
Res-215,9450,HAALT,WIJNGAARDWEG,
Res-215,9450,HAALT,WINDMOLENSTRAAT,3 - 131-133 / 2 - 156 / 11 - 113
Res-215,9450,HAALT,ZADELSTRAAT,
Res-265,9450,HELDE,BRONWEG,
Res-265,9450,HELDE,BURGEMEESTER D'HAESELEERSTRAAT,
Res-265,9450,HELDE,DEKKERSVELD,
Res-265,9450,HELDE,HALLEBAAN,
Res-265,9450,HELDE,HELDERGEMSTRAAT,101 - 227 / 90 - 200 / 155 - 236
Res-265,9450,HELDE,HOLBEEKWEG,
Res-265,9450,HELDE,HOOMWEG,
Res-265,9450,HELDE,KERKBOSWEG,
Res-265,9450,HELDE,KREKELENBERG,
Res-265,9450,HELDE,LOCHTINGWEG,
Res-265,9450,HELDE,MOTTEDRIES,
Res-265,9450,HELDE,OUD-DORP,
Res-265,9450,HELDE,PROCESSIEWEG,
Res-216,9450,HAALT,BRUULSTRAAT,17 - 101 / 44 - 188 / 116 - 124
Res-216,9450,HAALT,DOORNSTRAAT,1 - 29 / 8 - 30 / 31 - 42
Res-216,9450,HAALT,DREEF,1 - 41 / 2 - 34 / 3 - 17
Res-216,9450,HAALT,EDESTRAAT,1 - 13
Res-216,9450,HAALT,HERENTHOUT,
Res-216,9450,HAALT,KASINEWEG,
Res-216,9450,HAALT,KATTESTRAAT,1 - 19 / 2 - 18
Res-216,9450,HAALT,KRAAIWINKEL,
Res-216,9450,HAALT,LARENBROEKSTRAAT,
Res-216,9450,HAALT,MUISSTRAAT,
Res-216,9450,HAALT,PAPESTRAAT,1 - 11 / 14 - 22
Res-216,9450,HAALT,WYPENSTALSTRAAT,
Res-266,9450,DENDR,BEEKSTRAAT,134 - 134
Res-266,9451,KERKS,BEEKSTRAAT,43 - 103 / 60 - 124 / 130 - 132
Res-266,9451,KERKS,BERGSTRAAT,1 - 171 / 2 - 182 / 93 - 167
Res-266,9450,DENDR,BORREKENT,61 - 153 / 76 - 152
Res-266,9450,DENDR,DRIES,1 - 63 / 2 - 50 / 52 - 80
Res-266,9450,DENDR,STEENSTRAAT,1 - 27 / 8 - 24
Res-266,9450,DENDR,STICHELEN,
Res-266,9450,DENDR,VELDSTRAAT,1 - 47A / 2 - 50
Res-217,9450,HAALT,DIEPEWEG,
Res-217,9450,HAALT,DONKERSTRAAT,
Res-217,9450,HAALT,DROESKOUTERSTRAAT,
Res-217,9450,HAALT,EILAND,
Res-217,9450,HAALT,FONTEINSTRAAT,1 - 83 / 2 - 44 / 41 - 61
Res-217,9450,HAALT,HOUTMARKT,3 - 89 / 2 - 76 / 14 - 70A
Res-217,9450,HAALT,MELKKOUTER,
Res-217,9450,HAALT,MIDDELKOUTER,
Res-217,9450,HAALT,MUSSENZELE,
Res-217,9450,HAALT,STATIONSSTRAAT,11 - 35A / 12 - 48
Res-267,9450,DENDR,DEYSELSTRAAT,
Res-267,9450,DENDR,DWARSSTRAAT,1 - 69 / 2 - 70 / 26F - 48
Res-267,9450,DENDR,HERLINCKHOVE,
Res-267,9450,DENDR,KAPELSTRAAT,
Res-267,9450,DENDR,KNIPPERHOEK,
Res-267,9450,DENDR,LEBEKE,
Res-267,9450,DENDR,NIEUWSTRAAT,81 - 115 / 48 - 132 / 55 - 77
Res-267,9450,DENDR,SANNASTRAAT,
Res-218,9450,DENDR,ANDERENBROEK,
Res-218,9450,DENDR,BUNDERSTRAAT,
Res-218,9450,DENDR,DAAL,25 - 25 / 4 - 22 / 3 - 35B
Res-218,9450,DENDR,EIGENSTRAAT,81 - 141 / 98 - 176 / 139 - 139
Res-218,9450,DENDR,HOEKSTRAAT,3 - 23 / 8 - 42
Res-218,9450,DENDR,KIEVITSTRAAT,
Res-218,9450,DENDR,KOEKELBERG,
Res-218,9450,DENDR,KOEMEERSSTRAAT,
Res-218,9450,DENDR,LANDWEG,3 - 7 / 4 - 22
Res-218,9450,DENDR,LEEUWVELDBOS,
Res-218,9450,HAALT,NINOVESTRAAT,73 - 187 / 82 - 184
Res-218,9450,DENDR,RANIERSTRAAT,
Res-218,9450,DENDR,VONDELEN,
Res-268,9450,DENDE,ANKERSTRAAT,
Res-268,9450,DENDR,BAREELSTRAAT,
Res-268,9450,DENDR,DORP,1 - 35 / 2-4 - 28
Res-268,9450,DENDR,HOENDERBEEKSTRAAT,
Res-268,9450,DENDR,NIEUWSTRAAT,1 - 25 / 2 - 10 / 14 - 53
Res-268,9450,DENDR,NINOOFSESTEENWEG,
Res-268,9450,DENDR,POEL,
Res-268,9450,DENDR,SINT-ANNAWEG,
Res-268,9450,DENDR,TERLINDEN,
Res-268,9450,DENDR,VELDEKEN,1 - 41 / 6 - 26 / 10 - 25
Res-268,9450,DENDR,VOSSEL,
Res-219,9470,DENDE,ACACIALAAN,
Res-219,9470,DENDE,AZALEALAAN,
Res-219,9473,WELLE,BURG. BENEDIKT 'T KINTLAAN,1 - 1 / 4 - 8
Res-219,9470,DENDE,EIKENLAAN,
Res-219,9470,DENDE,ESDOORN,
Res-219,9470,DENDE,HAAGBEUK,
Res-219,9470,DENDE,HAZELAARSTRAAT,3 - 23 / 2 - 38 / 1 - 46
Res-219,9470,DENDE,HEMELRIJKLAAN,
Res-219,9470,DENDE,LEEUWERIKENLAAN,1 - 23
Res-219,9470,DENDE,LIEFKENSHAGE,
Res-219,9470,DENDE,MEIBOOMLAAN,
Res-219,9470,DENDE,SERINGENLAAN,
Res-219,9473,WELLE,STEENVELDLAAN,19 - 111 / 34 - 104 / 56 - 74
Res-269,9470,DENDE,B. DE SAEDELEERSTRAAT,
Res-269,9470,DENDE,BORIAUSTRAAT,7 - 27
Res-269,9470,DENDE,FAZANTENLAAN,24 - 32 / 15 - 21
Res-269,9470,DENDE,HAGEVELDSTRAAT,
Res-269,9470,DENDE,HUISSEGEMSTRAAT,
Res-269,9470,DENDE,KAAISTRAAT,
Res-269,9470,DENDE,KASTEELSTRAAT,1 - 43 / 4 - 62
Res-269,9470,DENDE,LANDUITSTRAAT,1 - 139 / 4 - 160 / 12 - 152
Res-269,9470,DENDE,PATRIJZENLAAN,
Res-269,9470,DENDE,R. SEGERSPLEIN,
Res-269,9470,DENDE,VELDEKENSWEG,
Res-269,9470,DENDE,VRIJHEIDSSTRAAT,
Res-269,9470,DENDE,WOLFSGRACHT,
Res-269,9470,DENDE,ZONNESTRAAT,1 - 49 / 4 - 60
Res-220,9473,WELLE,BEEKSTRAAT,2 - 16
Res-220,9473,WELLE,BROEKSTRAAT,1 - 147 / 8 - 182 / 21 - 186
Res-220,9473,WELLE,GROOTEN MOORTELHOEK,
Res-220,9473,WELLE,HERTSTRAAT,7 - 61 / 2 - 54
Res-220,9473,WELLE,IJZERENWEGSTRAAT,3 - 25
Res-220,9473,WELLE,KAPELLESTRAAT,5 - 191 / 2 - 146 / 148 - 200
Res-220,9473,WELLE,KERKVELDSTRAAT,4 - 28
Res-220,9473,WELLE,MARKTWEG,1 - 7
Res-220,9473,WELLE,MOORTELVELD,
Res-220,9473,WELLE,ONDERWIJSSTRAAT,5 - 19 / 6 - 6
Res-220,9473,WELLE,OPEN VELDSTRAAT,
Res-220,9473,WELLE,RIETSTRAAT,1 - 13 / 2 - 22
Res-220,9473,WELLE,TERJODENSTRAAT,
Res-220,9473,WELLE,WELLEPLEIN,1 - 27 / 10 - 22
Res-270,9472,IDDER,ASTSTRAAT,
Res-270,9472,IDDER,BAKERGEMVELDBAAN,
Res-270,9472,IDDER,BIESTBAAN,
Res-270,9472,IDDER,DEGGERBAAN,
Res-270,9472,IDDER,DENNENSTRAAT,
Res-270,9472,IDDER,EENESTRAAT,
Res-270,9472,IDDER,HOEKSTRAAT,13 - 71 / 2 - 60 / 1 - 33
Res-270,9472,IDDER,HOOGSTRAAT,33 - 59 / 58 - 92
Res-270,9472,IDDER,KERPELSTRAAT,
Res-270,9472,IDDER,KLARESTRAAT,
Res-270,9472,IDDER,LELIESTRAAT,9 - 29 / 24 - 34
Res-270,9472,IDDER,PAROCHIESTRAAT,81A - 129 / 62 - 116 / 57 - 114
Res-270,9472,IDDER,ROELANDSBAAN,
Res-270,9472,IDDER,SINT-ANTONIUSSTRAAT,
Res-270,9472,IDDER,SPECHTBAAN,
Res-270,9472,IDDER,TH. DE SCHRYVERSTRAAT,
Res-221,9470,DENDE,A. RODENBACHSTRAAT,
Res-221,9470,DENDE,NOORDSTRAAT,13 - 35 / 2 - 72
Res-221,9473,WELLE,RAAPLANDSTRAAT,
Res-221,9470,DENDE,RODESTRAAT,43 - 67 / 2 - 66 / 3 - 37
Res-221,9473,WELLE,RODESTRAAT,64 - 178 / 69 - 95
Res-221,9470,DENDE,SCHOOLSTRAAT,1 - 75 / 2 - 56
Res-221,9470,DENDE,SPOORWEGLAAN,
Res-221,9470,DENDE,STATIONSPLEIN,2 - 2 / 1 - 25
Res-221,9470,DENDE,STATIONSSTRAAT,1 - 77 / 8 - 42
Res-221,9470,DENDE,TULPENLAAN,
Res-221,9473,WELLE,ZAVELPUTSTRAAT,
Res-271,9470,DENDE,A. DE BRABANTERSTRAAT,
Res-271,9470,DENDE,BERGSTRAAT,5 - 15 / 2 - 42 / 17 - 29
Res-271,9470,DENDE,DENDERWEG,1 - 7
Res-271,9470,DENDE,DORP,3 - 21 / 2 - 18
Res-271,9470,DENDE,DRAAIWEG,
Res-271,9470,DENDE,JOZEF SONCKSTRAAT,
Res-271,9470,DENDE,KEISTRAAT,
Res-271,9470,DENDE,KERKHOFSTRAAT,1 - 19 / 2 - 14 / 16 - 34
Res-271,9470,DENDE,MOLENSTRAAT,13 - 13 / 30 - 34 / 1 - 20
Res-271,9470,DENDE,MOREELSTRAAT,
Res-271,9470,DENDE,NEERSTRAAT,
Res-271,9470,DENDE,POLDERSTRAAT,
Res-271,9470,DENDE,SINT-AMANDSTRAAT,
Res-271,9470,DENDE,TH. DE BOLSTERSTRAAT,
Res-271,9470,DENDE,TOEKOMSTSTRAAT,
Res-271,9470,DENDE,TRAPSTRAAT,
Res-271,9470,DENDE,ZANDPLAATSTRAAT,
Res-222,9470,DENDE,ARENDSVELD,
Res-222,9470,DENDE,BERKENLAAN,1 - 1
Res-222,9470,DENDE,BORDELEENSTRAAT,
Res-222,9470,DENDE,BOSSTRAAT,5 - 23 / 2 - 20
Res-222,9470,DENDE,DE NAYERSTRAAT,11 - 55 / 6E - 46
Res-222,9470,DENDE,FABRIEKSTRAAT,2 - 24
Res-222,9470,DENDE,J. VERHAVERTSTRAAT,
Res-222,9470,DENDE,KRUISSTRAAT,1 - 67 / 2 - 76
Res-222,9470,DENDE,KWADEMEERSEN,
Res-222,9470,DENDE,LEEUWBRUGSTRAAT,
Res-222,9470,DENDE,OMLOOPLAAN,
Res-222,9470,DENDE,ORCHIDEEËNLAAN,
Res-222,9470,DENDE,PAARDEKASTANJE,
Res-222,9470,DENDE,PAPESTRAAT,12 - 19 / 2 - 20
Res-222,9470,DENDE,PARKLAAN,1 - 15 / 2 - 16
Res-222,9470,DENDE,ROZENLAAN,
Res-222,9470,DENDE,SINT-ANNASTRAAT,3 - 11 / 2 - 32
Res-222,9470,DENDE,SPORTSTRAAT,
Res-222,9470,DENDE,STERRENBOSLAAN,
Res-222,9470,DENDE,VAN LIERDESTRAAT,
Res-222,9470,DENDE,VISSERSTRAAT,
Res-222,9470,DENDE,WIJMENIERLAAN,
Res-272,9470,DENDE,A. DE COCKSTRAAT,
Res-272,9470,DENDE,BOOMGAARDSTRAAT,1 - 41 / 4 - 28
Res-272,9470,DENDE,BOUCHTSTRAAT,
Res-272,9470,DENDE,BRANDWEERSTRAAT,
Res-272,9470,DENDE,DE NAYERSTRAAT,1 - 3E / 6D - 6D / 2 - 6C
Res-272,9470,DENDE,DENDERPARKDREEF,
Res-272,9470,DENDE,DR. COCHEZSTRAAT,
Res-272,9470,DENDE,DWARSSTRAAT,55 - 77 / 32 - 82
Res-272,9470,DENDE,FONTEINSTRAAT,5 - 37 / 4 - 34
Res-272,9470,DENDE,GEALLIEERDENSTRAAT,9 - 51D / 14 - 64
Res-272,9470,DENDE,GUIDO GEZELLESTRAAT,19 - 137 / 18 - 122 / 1 - 17
Res-272,9470,DENDE,KIEKENBORRESTRAAT,
Res-272,9470,DENDE,KON. ASTRIDSTRAAT,
Res-272,9470,DENDE,KOOPWARENSTRAAT,
Res-272,9470,DENDE,MAANSTRAAT,1A - 5 / 4 - 6
Res-272,9470,DENDE,MIDDENSTRAAT,
Res-272,9470,DENDE,STOPWEG,
Res-272,9470,DENDE,THONTLAAN,
Res-272,9470,DENDE,VALKSTRAAT,
Res-272,9470,DENDE,VEERTIENHOEK,
Res-223,9473,WELLE,ABEELSTRAAT,
Res-223,9473,WELLE,BEUKENLAAN,5 - 15 / 4 - 10
Res-223,9473,WELLE,BOOGLAAN,
Res-223,9473,WELLE,BURG. BENEDIKT 'T KINTLAAN,5 - 55 / 10 - 66
Res-223,9473,WELLE,BURG. DE DIERLAAN,
Res-223,9473,WELLE,BURG. ROM. EEMANLAAN,
Res-223,9473,WELLE,DRIESELKEN,
Res-223,9450,DENDR,EIGENSTRAAT,192 - 192 / 151 - 198
Res-223,9473,WELLE,ELF DAGWAND,41 - 81 / 50 - 66
Res-223,9473,WELLE,ELZENLAAN,
Res-223,9473,WELLE,HOOGSTEENVELD,
Res-223,9473,WELLE,KERKSTRAAT,29 - 231 / 28 - 230
Res-223,9473,WELLE,KORTE BROEKSTRAAT,
Res-223,9473,WELLE,PRIESTER DAENSLAAN,
Res-223,9473,WELLE,STEENVELDLAAN,1 - 17 / 6 - 14
Res-223,9473,WELLE,WILDEBEEKSTRAAT,
Res-273,9470,DENDE,BORIAUSTRAAT,29 - 83
Res-273,9470,DENDE,COLLEGESTRAAT,
Res-273,9470,DENDE,DWARSSTRAAT,1 - 37 / 4 - 28
Res-273,9470,DENDE,GEALLIEERDENSTRAAT,59 - 73 / 70 - 98
Res-273,9470,DENDE,LANDUITSTRAAT,162 - 226 / 151 - 223
Res-273,9470,DENDE,LICHTENHOEKSTRAAT,
Res-273,9470,DENDE,LINDESTRAAT,3 - 239 / 28 - 200 / 16 - 20
Res-273,9470,DENDE,NIEUWSTRAAT,1 - 77 / 2 - 96
Res-273,9470,DENDE,SCHERPSTRAAT,
Res-273,9470,DENDE,STEENWEG,387 - 493 / 480 - 612 / 361 - 385
Res-273,9470,DENDE,VINKENSTRAAT,
Res-273,9470,DENDE,WIJNGAARDSTRAAT,1 - 57 / 8 - 84
Res-224,9470,DENDE,ANJELIERENLAAN,
Res-224,9470,DENDE,BLOEMENDAAL,
Res-224,9470,DENDE,DREEF,3 - 35 / 4 - 52
Res-224,9473,WELLE,KEMELWEG,
Res-224,9470,DENDE,KLAVERSTRAAT,1 - 33 / 20 - 24 / 2A - 10
Res-224,9470,DENDE,KOUTERBAAN,81 - 177 / 88 - 216
Res-224,9470,DENDE,LOOKHAAG,
Res-224,9470,DENDE,POPULIERENLAAN,
Res-224,9473,WELLE,STEENWEG,137 - 203 / 182 - 270A
Res-224,9470,DENDE,STEENWEG,205 - 359 / 272 - 452 / 378 - 428
Res-224,9470,DENDE,TEN KOUTER,
Res-224,9470,DENDE,VERNAALDEHAAG,
Res-224,9473,WELLE,WELLESTRAAT,1 - 31 / 8 - 34
Res-224,9470,DENDE,WELLESTRAAT,4-6 - 4-6
Res-274,9470,DENDE,BLOEMLANDSTRAAT,
Res-274,9470,DENDE,BURG. ROLLIERSTRAAT,
Res-274,9470,DENDE,COUPURESTRAAT,
Res-274,9470,DENDE,F. VAN DE PONSELELAAN,
Res-274,9470,DENDE,HOFSTRAAT,1 - 17 / 2 - 24
Res-274,9470,DENDE,HUGO VERRIESTSTRAAT,
Res-274,9470,DENDE,KOUTERBAAN,1 - 77 / 4 - 62 / 15 - 35
Res-274,9470,DENDE,LIJSTERSTRAAT,
Res-274,9470,DENDE,OPGEEISTENSTRAAT,
Res-274,9470,DENDE,OUDE MOLENWEG,
Res-274,9470,DENDE,RINGLAAN,
Res-274,9470,DENDE,STADIONLAAN,
Res-274,9470,DENDE,TH. DE CLEYNLAAN,
Res-274,9470,DENDE,VELDSTRAAT,1 - 161 / 6 - 154 / 11 - 47
Res-274,9470,DENDE,VIJFHOEKSTRAAT,
Res-274,9470,DENDE,WALLEKEN,
Res-274,9470,DENDE,WARANDESTRAAT,
Res-274,9470,DENDE,WITTE WILGENLAAN,
Res-225,9473,WELLE,BEERWEG,
Res-225,9473,WELLE,EENDENSTRAAT,
Res-225,9473,WELLE,ELF DAGWAND,1 - 37 / 4 - 38
Res-225,9473,WELLE,KAMPSTRAAT,
Res-225,9473,WELLE,KATTESTRAAT,9 - 87 / 8 - 18 / 19 - 100
Res-225,9473,WELLE,KERKSTRAAT,1 - 11 / 2 - 2
Res-225,9473,WELLE,KERSENWEG,
Res-225,9473,WELLE,KLEINE GANZENBAAN,
Res-225,9473,WELLE,KORTESTRAAT,3 - 137 / 34 - 130
Res-225,9473,WELLE,LANGESTRAAT,19 - 171 / 12 - 172
Res-225,9473,WELLE,REGENTIESTRAAT,
Res-225,9473,WELLE,REIGERSTRAAT,
Res-225,9473,WELLE,ROEVELD,9 - 29 / 4 - 46
Res-225,9473,WELLE,STEENWEG,107 - 133-135 / 138 - 180
Res-225,9473,WELLE,STIJN STREUVELSSTRAAT,1 - 15 / 10 - 20
Res-225,9473,WELLE,VOORUITGANGSTRAAT,1 - 81 / 4 - 82
Res-225,9473,WELLE,WELLEPLEIN,2 - 6
Res-275,9472,IDDER,BAKERGEMSMOLENSTRAATJE,
Res-275,9472,IDDER,BRAAMLANDSTRAAT,
Res-275,9472,IDDER,GROEBEL,
Res-275,9472,IDDER,HOOGSTRAAT,1 - 31 / 2 - 56 / 3 - 9
Res-275,9470,DENDE,IDDERGEMSTRAAT,
Res-275,9472,IDDER,MEESTER HUNNINCKSTRAAT,
Res-275,9472,IDDER,MOLENBEEKSTRAAT,
Res-275,9472,IDDER,OMAR ROBINONSTRAAT,
Res-275,9472,IDDER,PAROCHIESTRAAT,5 - 55 / 2C - 58
Res-275,9472,IDDER,SIJPESTRAAT,1 - 1 / 2 - 36 / 23 - 35
Res-275,9470,DENDE,SIJPESTRAAT,13 - 21
Res-275,9472,IDDER,SPRUITJESHOF,
Res-275,9472,IDDER,STEENWEG,513 - 695 / 614 - 760 / 527 - 659
Res-275,9470,DENDE,STEENWEG,559 - 559
Res-275,9472,IDDER,VELDOVEN,
Res-275,9472,IDDER,VICTOR WITTERZEELSTRAAT,
